"Symbol","Date","Open","High","Low","Close","Percent Change","Volume"
"NICA","2018-11-26","407.63","411","405","410","0.58","9871"
"NICA","2018-11-27","410","416","409","411","0.24","12802"
"NICA","2018-11-28","411.11","413","403","407","-1.00","9895"
"NICA","2018-11-29","407.73","416","403","405","-0.67","11494"
"NICA","2018-12-02","405","413","398","400","-1.23","36901"
"NICA","2018-12-03","400","416","398","403","0.75","22920"
"NICA","2018-12-04","403","409","403","408","1.24","43586"
"NICA","2018-12-06","358","358","351","357","-0.28","22789"
"NICA","2018-12-09","357","375","355","375","5.04","23098"
"NICA","2018-12-10","375","385","375","382","1.87","20752"
"NICA","2018-12-11","382","385","374","375","-1.83","31606"
"NICA","2018-12-12","375","380","372","373","-0.53","5460"
"NICA","2018-12-13","373","381","373","378","1.34","30932"
"NICA","2018-12-16","378","388","378","383","1.32","23739"
"NICA","2018-12-17","383","388","380","388","1.31","33325"
"NICA","2018-12-18","388","390","376","380","-2.06","55370"
"NICA","2018-12-19","380","383","378","380","0.00","28505"
"NICA","2018-12-20","380","386","380","380","0.00","43983"
"NICA","2018-12-23","380","394","380","392","3.16","46394"
"NICA","2018-12-24","392","395","386","386","-1.53","29532"
"NICA","2018-12-25","386","386","380","383","-0.78","22912"
"NICA","2018-12-26","381","396","381","395","3.67","35578"
"NICA","2018-12-27","395","400","388","389","-1.52","21635"
"NICA","2018-12-30","389","389","384","387","-0.51","15441"
"NICA","2018-12-31","387","387","377","377","-2.58","14689"
"NICA","2019-01-01","377","383","377","380","0.80","7155"
"NICA","2019-01-02","380","382","378","382","0.53","19408"
"NICA","2019-01-03","382","385","381","383","0.26","8316"
"NICA","2019-01-06","383","383","377","377","-1.57","9575"
"NICA","2019-01-07","377","383","377","379","0.53","17398"
"NICA","2019-01-08","379","384","379","382","0.79","26447"
"NICA","2019-01-09","382","392","382","388","1.57","43470"
"NICA","2019-01-10","388","390","385","390","0.52","28615"
"NICA","2019-01-13","390","392","383","384","-1.54","74495"
"NICA","2019-01-14","384","390","384","386","0.52","8106"
"NICA","2019-01-15","386","392","386","390","1.04","15949"
"NICA","2019-01-16","390","401","390","398","2.05","77989"
"NICA","2019-01-17","398","401","395","396","-0.50","27748"
"NICA","2019-01-20","396","397","392","392","-1.01","5752"
"NICA","2019-01-21","392","399","389","389","-0.77","17919"
"NICA","2019-01-22","389","392","389","390","0.26","7735"
"NICA","2019-01-23","390","394","390","392","0.51","8939"
"NICA","2019-01-24","392","396","391","392","0.00","20113"
"NICA","2019-01-27","392","392","389","391","-0.26","27179"
"NICA","2019-01-28","391","394","391","393","0.51","12704"
"NICA","2019-01-29","393","393","389","390","-0.76","24692"
"NICA","2019-01-30","390","392","390","392","0.51","23118"
"NICA","2019-01-31","392","394","390","391","-0.26","11447"
"NICA","2019-02-03","394","395","390","390","-0.26","22031"
"NICA","2019-02-04","391","392","388","389","-0.26","31537"
"NICA","2019-02-05","391","394","389","389","0.00","14198"
"NICA","2019-02-06","384","390","384","387","-0.51","12115"
"NICA","2019-02-07","386","390","385","390","0.78","9862"
"NICA","2019-02-10","389","391","382","385","-1.28","20647"
"NICA","2019-02-11","381","387","381","386","0.26","10406"
"NICA","2019-02-12","393","393","384","386","0.00","11167"
"NICA","2019-02-13","388","392","384","384","-0.52","15606"
"NICA","2019-02-14","382","389","380","384","0.00","17211"
"NICA","2019-02-17","387","388","383","387","0.78","13443"
"NICA","2019-02-18","385","387","383","385","-0.52","13348"
"NICA","2019-02-19","389","389","385","389","1.04","10351"
"NICA","2019-02-20","395","395","385","387","-0.51","6553"
"NICA","2019-02-21","388","388","382","384","-0.78","13521"
"NICA","2019-02-24","385","385","368","370","-3.65","36648"
"NICA","2019-02-25","370","377","370","374","1.08","16761"
"NICA","2019-02-26","374","380","373","376","0.53","9932"
"NICA","2019-02-27","375","382","375","378","0.53","7888"
"NICA","2019-03-03","380","380","377","378","0.00","13490"
"NICA","2019-03-05","378","382","377","381","0.79","31858"
"NICA","2019-03-06","380","386","378","385","1.05","22986"
"NICA","2019-03-07","385","392","385","391","1.56","26697"
"NICA","2019-03-09","392","396","385","395","1.02","10053"
"NICA","2019-03-10","392","396","385","395","1.02","10053"
"NICA","2019-03-11","399","400","393","400","1.52","55606"
"NICA","2019-03-12","403","404","397","401","0.25","48752"
"NICA","2019-03-13","405","405","396","398","-0.75","31796"
"NICA","2019-03-14","395","400","395","399","0.00","20294"
"NICA","2019-03-17","401","405","400","401","0.50","38412"
"NICA","2019-03-18","400","402","397","398","-0.75","21236"
"NICA","2019-03-19","402","402","398","399","0.25","3790"
"NICA","2019-03-21","397","399","395","395","-1.00","22176"
"NICA","2019-03-24","393","399","393","396","0.25","11361"
"NICA","2019-03-25","394","400","394","398","0.51","8113"
"NICA","2019-03-26","398","400","395","398","0.00","15558"
"NICA","2019-03-27","398","400","397","398","0.00","13921"
"NICA","2019-03-28","403","403","396","398","0.00","15408"
"NICA","2019-03-31","401","402","399","400","0.50","24402"
"NICA","2019-04-01","404","410","400","410","2.50","54571"
"NICA","2019-04-02","412","426","410","426","3.90","89445"
"NICA","2019-04-03","428","439","421","436","2.35","101042"
"NICA","2019-04-04","440","444","431","440","0.92","107396"
"NICA","2019-04-07","443","472","439","468","6.36","147987"
"NICA","2019-04-08","468","478","462","466","-0.43","161971"
"NICA","2019-04-09","470","471","456","458","-1.72","116366"
"NICA","2019-04-10","463","469","457","466","1.75","63030"
"NICA","2019-04-11","466","471","465","469","0.64","54800"
"NICA","2019-04-15","466","473","466","470","0.21","39084"
"NICA","2019-04-16","471","498","470","492","4.68","106050"
"NICA","2019-04-17","492","498","484","487","-1.02","92921"
"NICA","2019-04-18","489","493","481","482","-1.03","60312"
"NICA","2019-04-21","490","495","478","494","2.49","94558"
"NICA","2019-04-22","494","500","483","484","-2.02","79167"
"NICA","2019-04-23","478","495","478","490","1.24","58722"
"NICA","2019-04-24","490","508","490","506","3.27","128530"
"NICA","2019-04-25","508","515","502","507","0.20","88888"
"NICA","2019-04-28","512","512","501","502","-0.99","84179"
"NICA","2019-04-29","498","502","495","496","-1.20","62052"
"NICA","2019-04-30","497","500","492","495","-0.20","23369"
"NICA","2019-05-02","492","495","488","491","-0.81","31276"
"NICA","2019-05-05","487","490","483","483","-1.63","35721"
"NICA","2019-05-06","480","496","480","496","2.69","39149"
"NICA","2019-05-07","490","502","484","494","-0.40","33241"
"NICA","2019-05-08","492","496","490","493","-0.20","19495"
"NICA","2019-05-09","493","493","487","488","-1.01","25211"
"NICA","2019-05-12","485","498","482","498","2.05","40990"
"NICA","2019-05-13","501","501","486","487","-2.21","42220"
"NICA","2019-05-14","495","499","487","493","1.23","39731"
"NICA","2019-05-15","500","500","491","491","-0.41","49643"
"NICA","2019-05-16","490","495","487","490","-0.20","25182"
"NICA","2019-05-19","490","491","484","484","-1.22","38861"
"NICA","2019-05-20","482","491","481","483","-0.21","38921"
"NICA","2019-05-21","484","487","480","482","-0.21","39645"
"NICA","2019-05-22","482","485","481","484","0.41","25076"
"NICA","2019-05-23","486","486","481","484","0.00","24480"
"NICA","2019-05-26","484","485","476","477","-1.45","36547"
"NICA","2019-05-27","482","482","475","480","0.63","31557"
"NICA","2019-05-28","479","482","476","480","0.00","20813"
"NICA","2019-05-29","480","485","480","480","0.00","19752"
"NICA","2019-05-30","500","502","483","485","1.04","67442"
"NICA","2019-06-02","484","484","478","478","-1.44","49886"
"NICA","2019-06-03","475","475","465","468","-2.09","193172"
"NICA","2019-06-04","467","474","463","470","0.43","30464"
"NICA","2019-06-06","469","475","458","460","-2.13","62274"
"NICA","2019-06-10","457","465","449","451","-1.96","91893"
"NICA","2019-06-11","454","458","447","457","1.33","60515"
"NICA","2019-06-12","460","466","455","458","0.22","33591"
"NICA","2019-06-13","467","471","454","454","-0.87","39607"
"NICA","2019-06-16","463","472","451","451","-0.66","35541"
"NICA","2019-06-17","455","460","451","454","0.67","32855"
"NICA","2019-06-18","462","462","455","461","1.54","43757"
"NICA","2019-06-19","463","470","461","466","1.08","46789"
"NICA","2019-06-20","468","475","465","471","1.07","30484"
"NICA","2019-06-23","480","480","460","466","-1.06","26800"
"NICA","2019-06-24","468","469","465","467","0.21","29942"
"NICA","2019-06-25","470","473","466","469","0.43","21895"
"NICA","2019-06-26","470","475","466","467","-0.43","14360"
"NICA","2019-06-27","475","475","462","463","-0.86","21927"
"NICA","2019-06-30","459","463","456","456","-1.51","27859"
"NICA","2019-07-01","455","458","449","456","0.00","38691"
"NICA","2019-07-02","461","461","453","455","-0.22","31497"
"NICA","2019-07-03","464","472","456","462","1.54","20331"
"NICA","2019-07-04","466","469","460","462","0.00","16735"
"NICA","2019-07-07","471","476","455","458","-0.87","22121"
"NICA","2019-07-08","454","455","450","452","-1.31","31564"
"NICA","2019-07-09","454","454","444","449","-0.66","42350"
"NICA","2019-07-10","447","449","443","445","-0.89","37178"
"NICA","2019-07-11","450","450","443","445","0.00","39147"
"NICA","2019-07-14","449","450","441","443","-0.45","15141"
"NICA","2019-07-15","444","447","441","446","0.68","46364"
"NICA","2019-07-16","450","450","444","448","0.45","14110"
"NICA","2019-07-17","450","457","450","456","1.79","26501"
"NICA","2019-07-18","456","464","456","459","0.66","28359"
"NICA","2019-07-21","458","462","455","461","0.44","14798"
"NICA","2019-07-22","468","468","458","463","0.43","16651"
"NICA","2019-07-23","463","469","462","465","0.43","12440"
"NICA","2019-07-24","467","479","465","474","1.94","32270"
"NICA","2019-07-25","470","476","465","467","-1.48","33130"
"NICA","2019-07-28","465","465","457","459","-1.71","47251"
"NICA","2019-07-29","462","464","460","462","0.65","15259"
"NICA","2019-07-30","467","467","463","465","0.65","7866"
"NICA","2019-07-31","474","474","465","468","0.65","12296"
"NICA","2019-08-01","473","473","465","467","-0.21","20007"
"NICA","2019-08-04","474","474","465","467","0.00","12134"
"NICA","2019-08-05","469","469","463","465","-0.43","34781"
"NICA","2019-08-06","464","464","451","458","-1.51","43065"
"NICA","2019-08-07","451","460","451","453","-1.09","17917"
"NICA","2019-08-08","455","455","449","449","-0.88","15933"
"NICA","2019-08-11","447","452","447","449","0.00","11993"
"NICA","2019-08-12","449","450","448","450","0.22","12265"
"NICA","2019-08-13","450","453","448","449","-0.22","5472"
"NICA","2019-08-14","447","450","443","443","-1.34","18041"
"NICA","2019-08-15","449","450","443","444","0.23","46360"
"NICA","2019-08-18","450","458","449","451","1.58","54223"
"NICA","2019-08-19","453","464","451","460","2.00","37488"
"NICA","2019-08-20","460","461","453","453","-1.52","29190"
"NICA","2019-08-21","454","457","451","454","0.22","38058"
"NICA","2019-08-22","462","462","452","454","0.00","42153"
"NICA","2019-08-25","451","453","448","448","-1.32","32538"
"NICA","2019-08-26","450","450","446","447","-0.22","31024"
"NICA","2019-08-27","451","451","447","447","0.00","52701"
"NICA","2019-08-28","471","471","438","439","-1.79","72685"
"NICA","2019-08-29","447","450","437","439","0.00","29723"
"NICA","2019-09-01","462","462","439","440","0.23","15482"
"NICA","2019-09-02","436","471","435","436","-0.91","11942"
"NICA","2019-09-03","439","449","426","449","2.98","50696"
"NICA","2019-09-04","441","453","440","451","0.45","22602"
"NICA","2019-09-05","454","454","447","449","-0.44","29014"
"NICA","2019-09-08","450","453","448","448","-0.22","35963"
"NICA","2019-09-09","450","450","443","448","0.00","15778"
"NICA","2019-09-10","450","450","443","448","0.00","27649"
"NICA","2019-09-11","450","454","444","447","-0.22","22108"
"NICA","2019-09-12","446","450","445","448","0.22","79341"
"NICA","2019-09-15","441","441","390","391","-3.99","22199"
"NICA","2019-09-16","390","391","377","380","-2.81","31341"
"NICA","2019-09-17","377","390","376","387","1.84","18010"
"NICA","2019-09-18","394","398","387","395","2.07","23035"
"NICA","2019-09-19","400","400","384","387","-2.03","10037"
"NICA","2019-09-22","393","393","378","383","-1.03","7772"
"NICA","2019-09-23","390","390","378","379","-1.04","13501"
"NICA","2019-09-24","379","381","376","379","0.00","13035"
"NICA","2019-09-26","377","377","375","375","-0.27","14312"
"NICA","2019-09-29","374","377","372","375","0.00","22722"
"NICA","2019-09-30","376","378","375","377","0.53","9045"
"NICA","2019-10-01","378","384","375","384","1.59","5241"
"NICA","2019-10-02","389","390","382","384","0.00","7310"
"NICA","2019-10-03","401","401","383","389","1.30","8409"
"NICA","2019-10-10","389","389","383","385","-1.03","3175"
"NICA","2019-10-14","385","385","378","378","-1.82","10343"
"NICA","2019-10-15","380","385","378","385","1.85","11302"
"NICA","2019-10-16","390","390","383","386","0.26","15604"
"NICA","2019-10-17","387","387","384","386","0.00","10188"
"NICA","2019-10-20","393","400","382","382","-1.04","12661"
"NICA","2019-10-21","382","389","382","384","0.52","6069"
"NICA","2019-10-22","384","391","384","391","1.82","24454"
"NICA","2019-10-23","392","401","390","398","1.79","37258"
"NICA","2019-10-24","400","414","400","411","3.27","84273"
"NICA","2019-10-31","416","418","408","408","-0.73","29033"
"NICA","2019-11-03","408","408","402","405","-0.74","10405"
"NICA","2019-11-04","405","405","397","400","-1.23","10935"
"NICA","2019-11-05","400","401","397","397","-0.75","13299"
"NICA","2019-11-06","400","404","396","400","0.76","20215"
"NICA","2019-11-07","397","403","397","399","-0.25","10888"
"NICA","2019-11-10","406","406","397","400","0.25","27061"
"NICA","2019-11-11","398","406","398","404","1.00","21981"
"NICA","2019-11-12","404","406","398","398","-1.49","12817"
"NICA","2019-11-13","398","400","398","399","0.25","8746"
"NICA","2019-11-14","399","406","399","406","1.75","22377"
"NICA","2019-11-17","414","420","410","418","2.96","94663"
"NICA","2019-11-18","420","424","415","417","-0.24","33570"
"NICA","2019-11-19","419","419","410","411","-1.44","21424"
"NICA","2019-11-20","411","417","407","410","-0.24","20611"
"NICA","2019-11-21","410","413","400","404","-1.46","31833"
"NICA","2019-11-24","402","406","396","400","-0.99","21650"
"NICA","2019-11-25","400","408","398","405","1.25","10402"
"NICA","2019-11-26","404","406","403","406","0.25","24891"
"NICA","2019-11-27","405","408","405","408","0.49","16628"
"NICA","2019-11-28","408","410","406","406","-0.49","19814"
"NICA","2019-12-01","407","407","405","406","0.00","30520"
"NICA","2019-12-02","406","407","404","404","-0.49","26575"
"NICA","2019-12-03","405","407","403","405","0.25","31452"
"NICA","2019-12-04","409","409","403","403","-0.49","47834"
"NICA","2019-12-05","405","408","405","407","0.99","24306"
"NICA","2019-12-08","407","409","404","405","-0.49","24612"
"NICA","2019-12-09","405","410","405","410","1.23","17775"
"NICA","2019-12-10","414","415","409","410","0.00","20176"
"NICA","2019-12-11","410","415","410","414","0.98","13581"
"NICA","2019-12-12","412","418","412","414","0.00","17030"
"NICA","2019-12-15","415","424","414","419","1.21","35068"
"NICA","2019-12-16","425","425","414","418","-0.71","46637"
"NICA","2019-12-17","415","418","413","414","-0.96","24206"
"NICA","2019-12-18","420","420","414","416","0.48","17181"
"NICA","2019-12-19","418","418","413","413","-0.72","23427"
"NICA","2019-12-22","412","419","412","415","0.48","23136"
"NICA","2019-12-23","421","421","414","415","0.00","46469"
"NICA","2019-12-24","415","419","414","414","-0.24","34008"
"NICA","2019-12-25","414","416","413","413","-0.24","41239"
"NICA","2019-12-26","414","414","412","412","-0.24","35827"
"NICA","2019-12-29","415","415","406","408","-0.97","18417"
"NICA","2019-12-30","407","408","405","405","-0.74","28616"
"NICA","2019-12-31","413","414","407","408","0.74","28129"
"NICA","2020-01-01","410","413","408","411","0.74","35563"
"NICA","2020-01-02","413","415","411","413","0.49","41445"
"NICA","2020-01-05","414","431","413","427","3.39","102503"
"NICA","2020-01-06","430","441","428","440","3.04","194558"
"NICA","2020-01-07","442","449","435","438","-0.45","146948"
"NICA","2020-01-08","439","442","432","434","-0.91","98321"
"NICA","2020-01-09","431","437","431","433","-0.23","33427"
"NICA","2020-01-12","439","451","438","446","3.00","91556"
"NICA","2020-01-13","452","459","445","450","0.90","123765"
"NICA","2020-01-14","450","450","443","443","-1.56","64306"
"NICA","2020-01-15","446","474","446","472","6.55","160108"
"NICA","2020-01-16","475","484","475","475","0.64","142355"
"NICA","2020-01-19","484","489","475","477","0.42","131384"
"NICA","2020-01-20","484","492","470","479","0.42","125366"
"NICA","2020-01-21","488","493","480","482","0.63","195430"
"NICA","2020-01-22","490","490","477","478","-0.83","61558"
"NICA","2020-01-23","485","485","470","472","-1.26","55322"
"NICA","2020-01-26","472","475","466","467","-1.06","59998"
"NICA","2020-01-27","465","474","464","471","0.86","57507"
"NICA","2020-01-28","475","480","474","475","0.85","42456"
"NICA","2020-01-29","478","478","469","470","-1.05","31065"
"NICA","2020-01-30","471","483","470","480","2.13","65696"
"NICA","2020-02-02","484","493","482","492","2.50","128887"
"NICA","2020-02-03","495","496","487","488","-0.81","71812"
"NICA","2020-02-04","488","489","481","481","-1.43","63839"
"NICA","2020-02-05","500","500","480","482","0.21","45781"
"NICA","2020-02-06","483","485","479","481","-0.21","66736"
"NICA","2020-02-09","481","490","478","483","0.42","71613"
"NICA","2020-02-10","483","489","482","488","1.04","73372"
"NICA","2020-02-11","497","505","490","503","3.07","228218"
"NICA","2020-02-12","505","510","504","508","0.99","123088"
"NICA","2020-02-13","507","509","500","503","-0.98","99381"
"NICA","2020-02-16","503","511","502","511","1.59","78765"
"NICA","2020-02-17","513","545","513","539","5.48","164128"
"NICA","2020-02-18","544","558","540","548","1.67","194043"
"NICA","2020-02-19","550","553","543","547","-0.18","109712"
"NICA","2020-02-20","547","554","548","554","1.28","106954"
"NICA","2020-02-23","556","602","556","596","7.58","159238"
"NICA","2020-02-24","596","619","590","594","-0.34","174260"
"NICA","2020-02-25","588","598","575","595","0.17","153538"
"NICA","2020-02-26","603","615","595","610","2.52","166838"
"NICA","2020-02-27","605","663","587","660","8.20","330732"
"NICA","2020-03-01","660","680","636","639","-3.18","334054"
"NICA","2020-03-02","639","639","600","603","-5.63","236109"
"NICA","2020-03-03","603","621","579","608","0.83","305633"
"NICA","2020-03-04","608","610","577","577","-5.10","220724"
"NICA","2020-03-05","588","589","560","575","-0.35","168687"
"NICA","2020-03-10","564","564","526","526","-8.52","149878"
"NICA","2020-03-11","520","569","520","567","7.79","265635"
"NICA","2020-03-12","564","569","545","550","-3.00","210135"
"NICA","2020-03-15","545","547","518","518","-5.82","215664"
"NICA","2020-03-16","518","531","511","522","0.77","246391"
"NICA","2020-03-17","522","522","501","508","-2.68","197047"
"NICA","2020-03-18","511","518","491","502","-1.18","164663"
"NICA","2020-03-19","498","515","482","509","1.39","192055"
"NICA","2020-03-22","500","510","488","496","-2.55","22489"
"NICA","2020-05-12","487","487","482","482","-2.82","95"
"NICA","2020-05-13","473","473","468","468","-2.90","60"
"NICA","2020-06-29","459","459","422","469","0.21","75742"
"NICA","2020-06-30","462","510","462","506","7.89","10579"
"NICA","2020-07-01","514","534","514","525","3.75","33967"
"NICA","2020-07-02","530","530","473","485","-7.62","44886"
"NICA","2020-07-05","480","502","472","490","1.03","64804"
"NICA","2020-07-06","491","500","480","499","1.84","35198"
"NICA","2020-07-07","499","517","499","510","2.20","72828"
"NICA","2020-07-08","503","515","500","505","-0.98","35217"
"NICA","2020-07-09","502","509","496","502","-0.59","69253"
"NICA","2020-07-12","511","515","506","510","1.59","88061"
"NICA","2020-07-13","510","518","509","516","1.18","91574"
"NICA","2020-07-14","541","541","518","533","3.29","90120"
"NICA","2020-07-15","540","555","539","553","3.75","189465"
"NICA","2020-07-16","563","571","557","570","3.07","100312"
"NICA","2020-07-19","581","627","581","627","10.00","1111"
"NICA","2020-07-20","658","671","584","595","-5.10","288033"
"NICA","2020-07-21","600","604","580","587","-1.34","193137"
"NICA","2020-07-22","587","600","578","580","-1.19","121795"
"NICA","2020-07-23","580","582","569","579","-0.17","102536"
"NICA","2020-07-26","585","598","580","594","2.59","146673"
"NICA","2020-07-27","600","605","586","587","-1.18","99981"
"NICA","2020-07-28","585","592","579","580","-1.19","96294"
"NICA","2020-07-29","577","579","570","570","-1.72","155181"
"NICA","2020-07-30","570","577","565","570","0.00","89310"
"NICA","2020-08-02","566","566","552","552","-3.16","125621"
"NICA","2020-08-03","550","560","544","556","0.72","93087"
"NICA","2020-08-05","549","553","542","552","-0.72","76873"
"NICA","2020-08-06","545","551","537","548","-0.72","73572"
"NICA","2020-08-09","548","555","538","553","0.91","49047"
"NICA","2020-08-10","556","576","550","574","3.80","128478"
"NICA","2020-08-11","576","582","570","572","-0.35","74503"
"NICA","2020-08-12","580","580","564","574","0.35","67657"
"NICA","2020-08-13","570","583","570","577","0.52","120252"
"NICA","2020-08-16","575","575","560","566","-1.91","71817"
"NICA","2020-08-17","569","569","562","566","0.00","37723"
"NICA","2020-08-18","566","570","562","565","-0.18","43780"
"NICA","2020-08-19","555","563","553","554","-1.95","59039"
"NICA","2020-08-20","554","564","554","560","1.08","15745"
"NICA","2020-08-23","558","571","557","565","0.89","23761"
"NICA","2020-08-24","570","579","568","574","1.59","99698"
"NICA","2020-08-25","574","581","573","576","0.35","94522"
"NICA","2020-08-26","579","600","577","590","2.43","176951"
"NICA","2020-08-27","600","600","586","588","-0.34","140837"
"NICA","2020-08-30","588","587","579","581","-1.19","44108"
"NICA","2020-08-31","590","600","581","589","1.38","169903"
"NICA","2020-09-02","598","604","592","599","1.70","192770"
"NICA","2020-09-03","611","611","592","595","-0.67","68906"
"NICA","2020-09-06","624","624","582","588","-1.18","114541"
"NICA","2020-09-07","591","592","576","577","-1.87","72833"
"NICA","2020-09-08","575","582","570","579","0.35","49349"
"NICA","2020-09-09","577","582","571","577","-0.35","62944"
"NICA","2020-09-10","580","586","576","576","-0.17","48005"
"NICA","2020-09-13","576","587","574","587","1.91","93875"
"NICA","2020-09-14","594","595","584","589","0.34","69492"
"NICA","2020-09-15","587","590","580","581","-1.36","40505"
"NICA","2020-09-16","581","582","575","579","-0.34","43649"
"NICA","2020-09-17","580","593","579","590","1.90","105630"
"NICA","2020-09-20","598","604","591","592","0.34","81497"
"NICA","2020-09-21","610","610","584","589","-0.51","54931"
"NICA","2020-09-22","590","590","576","579","-1.70","72316"
"NICA","2020-09-23","573","581","572","578","-0.17","33384"
"NICA","2020-09-24","606","606","576","579","0.17","37060"
"NICA","2020-09-27","607","607","575","580","0.17","48614"
"NICA","2020-09-28","584","584","578","579","-0.17","46486"
"NICA","2020-09-29","579","579","570","573","-1.04","58385"
"NICA","2020-09-30","601","601","569","571","-0.35","60813"
"NICA","2020-10-01","575","582","571","579","1.40","73645"
"NICA","2020-10-04","579","588","579","580","0.17","60622"
"NICA","2020-10-05","589","589","577","577","-0.52","54309"
"NICA","2020-10-06","580","580","574","574","-0.52","40533"
"NICA","2020-10-07","576","577","572","575","0.17","66003"
"NICA","2020-10-08","582","589","571","573","-0.35","52226"
"NICA","2020-10-11","575","582","571","574","0.17","73636"
"NICA","2020-10-12","580","587","575","580","1.05","87414"
"NICA","2020-10-13","585","591","578","579","-0.17","49233"
"NICA","2020-10-14","587","587","575","579","0.00","32158"
"NICA","2020-10-15","607","607","577","578","-0.17","40608"
"NICA","2020-10-18","585","585","572","572","-1.04","28041"
"NICA","2020-10-19","575","579","574","577","0.87","17751"
"NICA","2020-10-20","580","582","575","581","0.69","35260"
"NICA","2020-10-21","610","634","602","605","4.13","399513"
"NICA","2020-10-22","615","615","600","605","0.00","162894"
"NICA","2020-10-28","610","618","605","617","1.98","139393"
"NICA","2020-10-29","625","629","617","620","0.49","190125"
"NICA","2020-11-01","620","629","613","622","0.32","173339"
"NICA","2020-11-02","618","624","617","618","-0.64","109064"
"NICA","2020-11-03","618","623","615","619","0.16","134689"
"NICA","2020-11-04","620","621","615","619","0.00","61952"
"NICA","2020-11-05","620","621","616","618","-0.16","86880"
"NICA","2020-11-08","620","622","617","619","0.16","78936"
"NICA","2020-11-09","622","623","617","618","-0.16","66336"
"NICA","2020-11-10","620","624","617","619","0.16","95856"
"NICA","2020-11-11","620","645","620","642","3.72","246848"
"NICA","2020-11-12","650","650","635","644","--","193912"
"NICA","2020-11-18","649","675","644","670","0.00","274516"
"NICA","2020-11-19","675","683","664","670","0.00","232275"
"NICA","2020-11-22","674","694","671","691","0.03","258731"
"NICA","2020-11-23","695","699","686","687","-0.01","214571"
"NICA","2020-11-24","720","720","687","697","0.01","538774"
"NICA","2020-11-25","610","640","605","630","0.08","250326"
"NICA","2020-11-26","648","650","623","624","-0.02","235735"
"NICA","2020-11-29","638","678","626","660","0.06","311229"
"NICA","2020-11-30","680","692","644","647","-0.02","193860"
"NICA","2020-12-01","646","655","630","632","-0.02","170189"
"NICA","2020-12-02","635","688","630","653","0.03","198722"
"NICA","2020-12-03","660","660","637","644","-0.01","141764"
"NICA","2020-12-06","632","644","623","623","-0.03","158242"
"NICA","2020-12-07","623","636","620","633","0.02","148276"
"NICA","2020-12-08","664","664","625","626","-0.01","128039"
"NICA","2020-12-09","625","626","611","612","-0.02","127221"
"NICA","2020-12-10","612","621","608","616","0.01","104431"
"NICA","2020-12-13","620","652","620","650","0.06","236248"
"NICA","2020-12-14","663","673","648","667","0.03","337934"
"NICA","2020-12-15","680","680","667","672","0.01","284988"
"NICA","2020-12-16","700","700","665","669","-0.00","170003"
"NICA","2020-12-17","665","699","665","690","0.03","349388"
"NICA","2020-12-20","690","749","671","706","0.02","671453"
"NICA","2020-12-21","707","777","699","777","0.10","605883"
"NICA","2020-12-22","815","854","814","854","0.10","555811"
"NICA","2020-12-23","896","920","825","852","-0.00","381481"
"NICA","2020-12-24","863","863","813","827","-0.03","390680"
"NICA","2020-12-27","827","836","805","810","-0.02","326770"
"NICA","2020-12-28","809","854","801","854","0.05","359860"
"NICA","2020-12-29","854","863","840","842","-0.01","176925"
"NICA","2020-12-30","842","881","835","870","0.03","370286"
"NICA","2020-12-31","875","898","870","882","0.01","304296"
"NICA","2021-01-03","895","908","892","899","0.02","304366"
"NICA","2021-01-04","908","913","885","892","-0.01","234042"
"NICA","2021-01-05","890","899","880","883","-0.01","184653"
"NICA","2021-01-06","898","899","882","892","0.01","110605"
"NICA","2021-01-07","893","916","890","908","0.02","250027"
"NICA","2021-01-10","910","935","910","927","0.02","194033"
"NICA","2021-01-11","945","963","912","915","-0.01","176512"
"NICA","2021-01-12","930","950","907","918","0.00","135414"
"NICA","2021-01-13","925","936","907","912","-0.01","174132"
"NICA","2021-01-17","925","925","896","901","-0.01","254035"
"NICA","2021-01-18","902","935","896","906","0.01","223189"
"NICA","2021-01-19","951","951","895","900","-0.01","223860"
"NICA","2021-01-20","905","905","885","889","-0.01","205128"
"NICA","2021-01-21","890","901","885","887","-0.00","181625"
"NICA","2021-01-24","899","905","880","885","-0.00","234231"
"NICA","2021-01-25","929","929","880","907","0.02","330776"
"NICA","2021-01-26","909","915","897","900","-0.01","154147"
"NICA","2021-01-27","902","902","888","893","-0.01","158020"
"NICA","2021-01-28","892","895","868","875","-0.02","324169"
"NICA","2021-01-31","875","880","858","860","-0.02","334750"
"NICA","2021-02-01","877","877","855","857","-0.00","206175"
"NICA","2021-02-02","899","899","861","888","0.04","190925"
"NICA","2021-02-03","850","915","850","880","-0.01","146919"
"NICA","2021-02-04","882","882","870","877","-0.01","139753"
"NICA","2021-02-07","877","880","869","874","-0.00","124789"
"NICA","2021-02-08","880","899","874","889","0.02","224654"
"NICA","2021-02-09","900","905","883","885","-0.00","173312"
"NICA","2021-02-10","888","895","878","884","-0.00","108250"
"NICA","2021-02-11","888","920","880","889","0.01","230138"
"NICA","2021-02-14","900","900","875","877","-0.01","171612"
"NICA","2021-02-15","890","921","886","917","0.05","448841"
"NICA","2021-02-16","930","940","911","924","0.01","360310"
"NICA","2021-02-17","930","935","911","923","-0.00","205348"
"NICA","2021-02-18","923","983","923","963","0.04","587795"
"NICA","2021-02-21","1000","1000","944","955","-0.01","318546"
"NICA","2021-02-22","951","951","914","918","-3.87","410509"
"NICA","2021-02-23","920","925","893","925","0.76","361039"
"NICA","2021-02-24","940","955","915","920","-0.54","220278"
"NICA","2021-02-25","966","966","900","905","0.00","224463"
"NICA","2021-02-28","900","900","878","883","-2.43","277409"
"NICA","2021-03-01","927","927","861","892","0.00","202862"
"NICA","2021-03-02","909","909","862","880","-1.35","203295"
"NICA","2021-03-03","866","876","853","870","-1.14","247185"
"NICA","2021-03-04","913","913","870","895","2.87","177944"
"NICA","2021-03-08","910","910","875","878","-1.68","101323"
"NICA","2021-03-09","880","880","866","869","-1.03","80802"
"NICA","2021-03-10","912","912","861","866","-0.35","54313"
"NICA","2021-03-14","875","875","843","859","-0.81","135716"
"NICA","2021-03-15","901","901","840","855","-0.47","147770"
"NICA","2021-03-16","842","867","842","860","0.58","102391"
"NICA","2021-03-17","865","874","854","865","0.58","66842"
"NICA","2021-03-18","861","879","860","872","0.81","84279"
"NICA","2021-03-21","878","894","870","893","2.41","116839"
"NICA","2021-03-22","909","909","876","881","-1.34","69309"
"NICA","2021-03-23","872","880","872","877","-0.45","48299"
"NICA","2021-03-24","880","886","877","879","0.23","60092"
"NICA","2021-03-25","890","890","870","872","-0.80","49981"
"NICA","2021-03-29","871","880","867","872","0.00","36653"
"NICA","2021-03-30","875","875","870","872","0.00","100427"
"NICA","2021-03-31","900","910","875","903","3.56","154542"
"NICA","2021-04-01","910","910","899","907","0.44","168155"
"NICA","2021-04-04","920","929","912","921","1.54","196870"
"NICA","2021-04-05","954","954","914","914","-0.76","163192"
"NICA","2021-04-06","959","959","901","918","0.44","111261"
"NICA","2021-04-07","936","936","912","920","0.22","125471"
"NICA","2021-04-08","938","938","907","918","-0.22","98184"
"NICA","2021-04-12","921","949","915","949","3.38","266850"
"NICA","2021-04-13","960","971","948","970","2.21","254036"
"NICA","2021-04-15","979","998","970","979","0.93","331555"
"NICA","2021-04-18","1027","1027","960","963","-1.63","272250"
"NICA","2021-04-19","960","963","935","948","-1.56","201971"
"NICA","2021-04-20","943","959","930","940","-0.84","120456"
"NICA","2021-04-21","943","943","920","921","-2.02","130563"
"NICA","2021-04-22","934","934","907","922","0.11","121770"
"NICA","2021-04-25","925","925","900","908","-1.52","226128"
"NICA","2021-04-26","953","953","874","892","-1.76","181784"
"NICA","2021-04-27","848","916","848","913","2.35","127206"
"NICA","2021-04-28","918","920","896","899","-1.53","125316"
"NICA","2021-04-29","943","943","895","897","-0.22","82739"
"NICA","2021-05-02","900","909","895","904","0.78","110099"
"NICA","2021-05-03","910","914","897","898","-0.66","100965"
"NICA","2021-05-04","900","900","890","890","-0.89","73877"
"NICA","2021-05-05","869","900","869","887","-0.34","72643"
"NICA","2021-05-06","890","891","882","886","-0.11","60231"
"NICA","2021-05-09","886","893","877","884","-0.23","65133"
"NICA","2021-05-10","880","895","880","892","0.90","44848"
"NICA","2021-05-11","892","901","891","892","0.00","68098"
"NICA","2021-05-12","936","936","885","887","-0.56","53176"
"NICA","2021-05-13","925","925","887","889","0.23","40349"
"NICA","2021-05-16","900","904","895","903","1.57","72541"
"NICA","2021-05-17","909","913","900","907","0.44","82122"
"NICA","2021-05-18","890","908","890","905","-0.22","78733"
"NICA","2021-05-19","919","919","900","905","0.00","91053"
"NICA","2021-05-20","906","918","905","906","0.11","58888"
"NICA","2021-05-23","906","948","895","948","4.64","160448"
"NICA","2021-05-24","940","950","918","923","-2.64","194943"
"NICA","2021-05-25","925","925","906","910","-1.41","115162"
"NICA","2021-05-27","895","912","893","905","-0.55","137867"
"NICA","2021-05-30","950","950","890","907","0.22","121910"
"NICA","2021-05-31","913","929","902","902","-0.55","169234"
"NICA","2021-06-01","900","907","895","904","0.22","118739"
"NICA","2021-06-02","904","905","896","900","-0.44","86849"
"NICA","2021-06-03","905","935","905","918","2.00","246324"
"NICA","2021-06-06","925","950","921","928","1.09","250508"
"NICA","2021-06-07","945","945","904","908","-2.16","257985"
"NICA","2021-06-08","920","928","902","917","0.99","214151"
"NICA","2021-06-09","925","932","913","914","-0.00","147331"
"NICA","2021-06-10","900","920","891","907","-0.77","151038"
"NICA","2021-06-13","912","912","882","902","-0.55","203447"
"NICA","2021-06-14","910","935","901","910","0.89","203503"
"NICA","2021-06-15","920","921","901","905","-0.55","153136"
"NICA","2021-06-16","906","922","899","900","-0.55","84534"
"NICA","2021-06-17","900","907","898","901","0.11","139278"
"NICA","2021-06-20","901","910","890","893","-0.89","135627"
"NICA","2021-06-21","894","898","882","883","-1.12","145331"
"NICA","2021-06-22","885","907","881","905","2.49","176117"
"NICA","2021-06-23","905","905","892","893","-1.33","120895"
"NICA","2021-06-24","893","907","890","896","0.34","144591"
"NICA","2021-06-27","940","940","882","916","2.23","212905"
"NICA","2021-06-28","921","952","915","935","2.07","536806"
"NICA","2021-06-29","945","945","914","915","-2.14","137194"
"NICA","2021-06-30","910","918","903","915","0.00","85224"
"NICA","2021-07-01","915","918","908","911","-0.44","116472"
"NICA","2021-07-04","911","925","910","918","0.77","132415"
"NICA","2021-07-05","920","920","910","910","-0.87","91023"
"NICA","2021-07-06","913","920","910","916","0.66","69482"
"NICA","2021-07-07","925","925","914","916","0.00","113264"
"NICA","2021-07-08","920","935","914","926","1.09","181363"
"NICA","2021-07-11","935","975","930","964","4.10","419084"
"NICA","2021-07-12","970","981","952","956","-0.83","361409"
"NICA","2021-07-13","960","977","954","973","1.78","205796"
"NICA","2021-07-14","975","980","959","975","0.21","127034"
"NICA","2021-07-15","980","999","970","994","1.95","334226"
"NICA","2021-07-18","1007","1070","1001","1065","7.14","342114"
"NICA","2021-07-19","1080","1083","1036","1045","-1.88","335938"
"NICA","2021-07-20","1060","1060","1030","1031.6","-1.28","226606"
"NICA","2021-07-22","1032","1045","1011","1034","0.23","349971"
"NICA","2021-07-25","1040","1085","1040","1073","3.77","316583"
"NICA","2021-07-26","1080","1085","1046","1053","-1.86","316542"
"NICA","2021-07-27","1032","1071","1012","1054","0.09","474075"
"NICA","2021-07-28","1060","1072","1041","1042","-1.14","99689"
"NICA","2021-07-29","1022","1054","1022","1036","-0.58","124985"
"NICA","2021-08-01","1045","1048","1026.2","1029.9","-0.59","113061"
"NICA","2021-08-02","1040","1040","1020","1026","-0.38","113315"
"NICA","2021-08-03","1027","1035","1023","1027.7","0.17","84712"
"NICA","2021-08-04","1048","1048","1024","1025.7","-0.19","119270"
"NICA","2021-08-05","1026","1035","1025","1026","0.03","87494"
"NICA","2021-08-08","1039","1039","1026","1028","0.19","66300"
"NICA","2021-08-09","1035","1035","1017","1018","-0.97","102873"
"NICA","2021-08-10","1020","1067.9","1017","1047","2.85","147195"
"NICA","2021-08-11","1051","1066","1027.5","1032","-1.43","89806"
"NICA","2021-08-12","1032","1040","1028","1034","0.19","143592"
"NICA","2021-08-15","1013.4","1030","980","1004","-2.90","336814"
"NICA","2021-08-16","1004","1004","986","988","-1.59","363653"
"NICA","2021-08-17","988.5","991","970.1","973","-1.52","206972"
"NICA","2021-08-18","988","998.5","960","995","2.26","223612"
"NICA","2021-08-19","1004","1004","966","969","-2.61","266456"
"NICA","2021-08-24","985","986","950","951","-1.86","141517"
"NICA","2021-08-25","970","970","935","940","-1.16","158222"
"NICA","2021-08-26","957","958","933","936.9","-0.33","173201"
"NICA","2021-08-29","955","955","918","920","-1.80","136304"
"NICA","2021-08-31","938","938","903","914","-0.65","159777"
"NICA","2021-09-01","920","927","905.1","912","-0.22","104201"
"NICA","2021-09-02","912","918","898","905.5","-0.71","127440"
"NICA","2021-09-05","905.6","905.6","876","893","-1.38","130256"
"NICA","2021-09-06","880","937","880","929","4.03","218544"
"NICA","2021-09-07","939","939","895","907","-2.37","97523"
"NICA","2021-09-08","907","907","885","895","-1.32","104324"
"NICA","2021-09-09","900","901","885","891","-0.45","93559"
"NICA","2021-09-12","900","907","880.2","906","1.68","130358"
"NICA","2021-09-13","923","955","907","927","2.32","299759"
"NICA","2021-09-14","943","943","918.3","919.1","-0.85","168837"
"NICA","2021-09-15","920","924","903","912","-0.77","96697"
"NICA","2021-09-16","930.2","930.2","890.1","897","-1.64","161004"
"NICA","2021-09-20","897.1","897.1","875","875.1","-2.44","171670"
"NICA","2021-09-21","858","887","850","870","-0.58","173627"
"NICA","2021-09-22","887","899","881","890","2.30","72519"
"NICA","2021-09-23","907.8","915","887","902","1.35","218766"
"NICA","2021-09-26","920","920","882","884","-2.00","93082"
"NICA","2021-09-27","884","890","866","870","-1.58","66203"
"NICA","2021-09-28","865","880","851","859","-1.26","169341"
"NICA","2021-09-29","872.1","872.1","845","865","0.70","89368"
"NICA","2021-09-30","865","872.1","848","862.9","-0.24","82748"
"NICA","2021-10-03","850.1","860","844","849.1","-1.60","88933"
"NICA","2021-10-04","849.1","858","833","850","0.11","94801"
"NICA","2021-10-05","850","854.9","842","850","0.00","39369"
"NICA","2021-10-06","855","865","848","858","0.94","54341"
"NICA","2021-10-10","873","873","845.2","850","-0.93","55797"
"NICA","2021-10-11","850","850","833.5","840","-1.18","40240"
"NICA","2021-10-17","845","850","830.5","849","1.07","34196"
"NICA","2021-10-18","849","849","816","830","-2.24","62559"
"NICA","2021-10-19","818","819","785","791","-4.70","110546"
"NICA","2021-10-20","806","821","795","802","1.39","58775"
"NICA","2021-10-21","795","809.8","794.1","808","0.75","61630"
"NICA","2021-10-24","800","835","799","830","2.72","113978"
"NICA","2021-10-25","832","841","820","836","0.72","70258"
"NICA","2021-10-26","819.3","841.5","790","837","0.12","299356"
"NICA","2021-10-27","830","873.2","826","870","3.94","230090"
"NICA","2021-10-28","870","876","855","871","0.11","199592"
"NICA","2021-10-31","871","902.1","856","893","2.53","222689"
"NICA","2021-11-01","910","910","870","874","-2.13","133727"
"NICA","2021-11-02","890","890","865","869","-0.57","62963"
"NICA","2021-11-03","886","886","866","869.9","0.10","62379"
"NICA","2021-11-08","860","880","856","856","-1.60","53173"
"NICA","2021-11-09","860","860","830","839","-1.99","100951"
"NICA","2021-11-11","825.1","841.5","824","824","-1.79","60792"
"NICA","2021-11-14","825","835","813.1","825.5","0.18","40711"
"NICA","2021-11-15","817","833","817","824.9","-0.07","46501"
"NICA","2021-11-16","825","870","820","870","5.47","104559"
"NICA","2021-11-17","880","897","862","875","0.57","143618"
"NICA","2021-11-18","874","874","845.9","854","-2.40","86241"
"NICA","2021-11-21","870","870","836","840","-1.64","51751"
"NICA","2021-11-22","855","860","832.1","850","1.19","38185"
"NICA","2021-11-23","850","856","825","836","-1.65","64274"
"NICA","2021-11-24","836","836","821.7","831","-0.60","96252"
"NICA","2021-11-25","831","843","825","842","1.32","81644"
"NICA","2021-11-28","835","835","813","817","-2.97","66398"
"NICA","2021-11-29","824","825","797","800","-2.08","73172"
"NICA","2021-11-30","813.8","813.8","790","810","1.25","94516"
"NICA","2021-12-01","800","822","800","804.8","-0.64","25231"
"NICA","2021-12-02","805","805","780","788","-2.09","114952"
"NICA","2021-12-05","785","785","758.6","765","-2.92","73387"
"NICA","2021-12-06","760","787","745","787","2.88","68582"
"NICA","2021-12-07","790","795.2","765","766","-2.67","48358"
"NICA","2021-12-08","760","760","742","749","-2.22","45768"
"NICA","2021-12-09","746","756","740","742.6","-0.85","50635"
"NICA","2021-12-12","748","748","722","725","-2.37","53496"
"NICA","2021-12-13","712","722","701","709","-2.21","70526"
"NICA","2021-12-14","723","739.5","716","739.5","4.30","18561"
"NICA","2021-12-15","754","767","725","732","-1.01","69145"
"NICA","2021-12-16","736.5","736.5","721","734","0.27","28600"
"NICA","2021-12-20","748.6","748.6","720","722","-1.63","50222"
"NICA","2021-12-21","735","736","722","731.2","1.27","30657"
"NICA","2021-12-22","745","756","735","752","2.84","54868"
"NICA","2021-12-23","767","767","749","760","1.06","53583"
"NICA","2021-12-26","765","775","760","769.9","1.30","70760"
"NICA","2021-12-27","770","774","744","744","-3.36","65018"
"NICA","2021-12-28","740","747","730","738","-0.81","43607"
"NICA","2021-12-29","726.1","744","725","740","0.27","77201"
"NICA","2022-01-02","754.8","773","730","769","3.92","73533"
"NICA","2022-01-03","769","788.4","765","784","1.95","78276"
"NICA","2022-01-04","790","813.7","772","807.8","3.04","79587"
"NICA","2022-01-05","819.9","819.9","792","795","-1.58","78208"
"NICA","2022-01-06","782","839","782","838","5.41","178781"
"NICA","2022-01-09","854.7","871","850","867.1","3.47","162594"
"NICA","2022-01-10","870","879","852","860","-0.82","160045"
"NICA","2022-01-11","870","872","855","864.5","0.52","83864"
"NICA","2022-01-12","870","889.5","863","866","0.17","170915"
"NICA","2022-01-13","868","890","861","880.5","1.67","94487"
"NICA","2022-01-16","880.5","912","882","900","2.21","137916"
"NICA","2022-01-17","918","918","893","898","-0.22","111345"
"NICA","2022-01-18","900","927","899","914","1.78","207182"
"NICA","2022-01-19","932.2","932.2","910","912","-0.22","145505"
"NICA","2022-01-20","912","920","901.6","917","0.55","116652"
"NICA","2022-01-23","935","935.3","899","903","-1.53","191997"
"NICA","2022-01-24","900","900","866","866.2","-4.08","419335"
"NICA","2022-01-25","850","883","845.2","867","0.09","227148"
"NICA","2022-01-26","868","873","856","860","-0.81","109049"
"NICA","2022-01-27","861","869.9","856","859.6","-0.05","56260"
"NICA","2022-01-30","876.7","888","872","883","2.72","99204"
"NICA","2022-01-31","890","890","870.1","872","-1.25","65157"
"NICA","2022-02-01","875","883","865","870","-0.23","58118"
"NICA","2022-02-03","870","877","860","860.4","-1.10","150826"
"NICA","2022-02-06","856","860","845","853","-0.86","72123"
"NICA","2022-02-07","853","858","839","843","-1.17","59770"
"NICA","2022-02-08","855","872","826","837","0.00","86778"
"NICA","2022-02-09","840","840","821","828","-1.08","87317"
"NICA","2022-02-10","830","839","814","818","-1.21","95660"
"NICA","2022-02-13","802","811","789","807","-1.34","180844"
"NICA","2022-02-14","811","814","798","805","-0.25","65371"
"NICA","2022-02-15","805","810","802","805","0.00","45673"
"NICA","2022-02-16","806","815","803","807","0.25","43171"
"NICA","2022-02-17","805","816","804","816","1.12","55936"
"NICA","2022-02-20","799.7","812","790","803.1","-1.58","58816"
"NICA","2022-02-21","808","810","798","806.1","0.37","30102"
"NICA","2022-02-22","806","815","802","808","0.24","37501"
"NICA","2022-02-23","810","810","801","804","-0.50","26347"
"NICA","2022-02-24","804","804","785","790","-1.74","62153"
"NICA","2022-02-27","790","800","777.7","783","-0.89","94586"
"NICA","2022-02-28","798","798","771","773","-1.28","55256"
"NICA","2022-03-02","770","775","760","762","-1.42","76482"
"NICA","2022-03-06","777.2","785","755","768","0.79","36346"
"NICA","2022-03-07","770","774.9","747","774","0.78","138577"
"NICA","2022-03-09","785","785","750","760","-1.81","138776"
"NICA","2022-03-10","760","762","747","758","-0.26","165638"
"NICA","2022-03-13","769","790","758","782","3.17","93422"
"NICA","2022-03-14","785","789","770","778","-0.51","29363"
"NICA","2022-03-15","780","781","770","772","-0.77","50282"
"NICA","2022-03-16","772","778","765","768","-0.52","46676"
"NICA","2022-03-20","776","776","764","770","0.26","42001"
"NICA","2022-03-21","775","780","762","773","0.39","47286"
"NICA","2022-03-22","770","785","770","779.9","0.89","41446"
"NICA","2022-03-23","780","785","773","785","0.65","108697"
"NICA","2022-03-24","780","790","769.3","780","-0.64","67523"
"NICA","2022-03-27","780","790","766","766","-1.79","67429"
"NICA","2022-03-28","761","765","755","759.9","-0.80","37146"
"NICA","2022-03-29","756","765","754","757","-0.38","40516"
"NICA","2022-03-30","758","770","757","767","1.32","29760"
"NICA","2022-03-31","772","772","755","764","-0.39","39695"
"NICA","2022-04-03","770","778","756.2","761.9","-0.27","18189"
"NICA","2022-04-04","777.1","777.1","757","762","0.01","19152"
"NICA","2022-04-05","777.2","777.2","748","751.2","-1.42","69542"
"NICA","2022-04-06","750","750","739","741.9","-1.24","52534"
"NICA","2022-04-07","750","765","746","765","3.11","51777"
"NICA","2022-04-11","765","774","740","763","-0.26","91552"
"NICA","2022-04-12","775","775","745","752","-1.44","44168"
"NICA","2022-04-13","748","760","745","757","0.66","51266"
"NICA","2022-04-17","772.1","772.1","746","751","-0.79","38725"
"NICA","2022-04-18","756","756","745","747.5","-0.47","32922"
"NICA","2022-04-19","750","764.8","746","760","1.67","28688"
"NICA","2022-04-20","775","775","750.8","755","-0.66","66139"
"NICA","2022-04-21","770.1","770.1","740","765","1.32","55724"
"NICA","2022-04-24","780","800","765","796","4.05","62866"
"NICA","2022-04-25","800","800","776","776","-2.51","68468"
"NICA","2022-04-26","785","791","773","784.4","1.08","35741"
"NICA","2022-04-27","773","781.8","770.1","781.8","-0.33","37180"
"NICA","2022-04-28","780","790","779","782","0.03","44865"
"NICA","2022-05-02","780","780","767","773.5","-1.09","33499"
"NICA","2022-05-04","770","773","765.1","771.5","-0.26","23016"
"NICA","2022-05-05","762","770","747.5","764","-0.97","89146"
"NICA","2022-05-08","751","765","750","765","0.13","48636"
"NICA","2022-05-09","780.3","780.3","750","774","1.18","65468"
"NICA","2022-05-10","777","785","770","785","1.42","25257"
"NICA","2022-05-11","794","800","785","792","0.89","60355"
"NICA","2022-05-12","800","819","790.1","808","2.02","69720"
"NICA","2022-05-17","808","814","775","775","-4.08","64901"
"NICA","2022-05-18","780","789","771","786","0.01","27047"
"NICA","2022-05-19","794","794","777","781","-0.64","29672"
"NICA","2022-05-20","780","785","776","780","-0.13","14791"
"NICA","2022-05-23","785","785","760","764.2","-2.03","38586"
"NICA","2022-05-24","760","773","750","768","0.50","22335"
"NICA","2022-05-25","783","783","770","775","0.91","20264"
"NICA","2022-05-26","790.5","790.5","774","781.5","0.84","22046"
"NICA","2022-05-27","785","785","770","772","-1.22","35663"
"NICA","2022-05-30","787.4","787.4","750","760","-1.55","53026"
"NICA","2022-05-31","770","770","748","752.7","-0.96","71623"
"NICA","2022-06-01","750","763","748","759.9","0.96","42503"
"NICA","2022-06-02","760","760","741","744.5","-2.03","87718"
"NICA","2022-06-03","745","757","728.1","739","-0.74","84842"
"NICA","2022-06-06","744","746","724","727","-1.62","92806"
"NICA","2022-06-07","728","729","700","708.9","-2.49","86403"
"NICA","2022-06-08","700","732","700","723","1.99","58996"
"NICA","2022-06-09","720","731.7","715","716","-0.97","43462"
"NICA","2022-06-10","730.3","730.3","700","716","0.00","42734"
"NICA","2022-06-13","716","716","705","709.5","-0.91","34498"
"NICA","2022-06-14","706","710","701","703.2","-0.89","33384"
"NICA","2022-06-15","717.2","717.2","691.9","704","0.11","63277"
"NICA","2022-06-16","704","707.9","690","697.4","-0.94","51244"
"NICA","2022-06-17","700","705","690","695","-0.34","32624"
"NICA","2022-06-19","699","699","680.2","682","-1.87","47112"
"NICA","2022-06-20","680","680","671.1","674.4","-1.11","64703"
"NICA","2022-06-21","680","693.6","670.3","685","1.57","46893"
"NICA","2022-06-22","685","685","669.5","670","-2.19","36984"
"NICA","2022-06-23","670","670","646.5","652.9","-2.55","63783"
"NICA","2022-06-24","648","670","634","659","0.93","31888"
"NICA","2022-06-26","672","686","662","686","4.10","75516"
"NICA","2022-06-27","691","693","676","678","-1.17","46048"
"NICA","2022-06-28","665.1","679","665.1","672.5","-0.81","15590"
"NICA","2022-06-29","675","680","664","679","0.97","21950"
"NICA","2022-06-30","682","698.7","680","698.7","2.90","51903"
"NICA","2022-07-01","701","705","687","689.9","-1.26","65273"
"NICA","2022-07-03","690","718","680","718","4.07","99723"
"NICA","2022-07-04","720","734","699","704","-1.95","140168"
"NICA","2022-07-05","704","713","690","690","-1.99","50002"
"NICA","2022-07-06","690","693","676.2","689","-0.14","42283"
"NICA","2022-07-07","702","710","680","685","-0.58","38738"
"NICA","2022-07-08","685","687","664.3","668","-2.48","45733"
"NICA","2022-07-11","662","662","640","648","-2.99","134434"
"NICA","2022-07-12","648","660","646","657","1.39","53503"
"NICA","2022-07-13","657","680","657","680","3.50","124370"
"NICA","2022-07-14","670","697.8","667.1","694","2.06","448553"
"NICA","2022-07-15","694","704","688","696","0.29","44293"
"NICA","2022-07-17","709.9","709.9","691","703","1.01","64978"
"NICA","2022-07-18","703","704","695","703","0.00","48670"
"NICA","2022-07-19","709","718","704.1","713","1.42","96528"
"NICA","2022-07-20","710","720","709","716","0.42","64499"
"NICA","2022-07-21","730","735","719","722","0.84","155068"
"NICA","2022-07-22","724","724.9","712","713","-1.25","47223"
"NICA","2022-07-24","713","724.9","706","724","1.54","86801"
"NICA","2022-07-25","733","734.5","728","731","0.97","101736"
"NICA","2022-07-26","731.1","731.1","708","709","-3.01","102412"
"NICA","2022-07-27","709","714.9","701","711","0.28","54808"
"NICA","2022-07-28","719.9","719.9","705.1","709","-0.28","75111"
"NICA","2022-07-29","712","715","706","707.9","-0.16","30305"
"NICA","2022-07-31","710","731","707","725","2.42","87775"
"NICA","2022-08-01","730","730","721","722","-0.41","60754"
"NICA","2022-08-02","730","730","720.2","720.2","-0.25","44090"
"NICA","2022-08-03","720.2","725","715","715","-0.72","50858"
"NICA","2022-08-04","719.9","719.9","705","706","-1.26","58366"
"NICA","2022-08-05","700","704.8","695","695.5","-1.49","33014"
"NICA","2022-08-07","700","706","695","699","0.50","41323"
"NICA","2022-08-08","712.9","712.9","686","694","-0.72","47484"
"NICA","2022-08-09","694","695","681","687","-1.01","47705"
"NICA","2022-08-10","680.1","683","665.1","674","-1.89","61587"
"NICA","2022-08-11","665","677","665","669","-0.74","44403"
"NICA","2022-08-14","669","669","657","660.5","-1.27","49791"
"NICA","2022-08-15","650","666.5","648","666.5","0.91","66185"
"NICA","2022-08-16","679.8","679.8","663.1","664.1","-0.36","59039"
"NICA","2022-08-17","665","665","657","660","-0.62","39009"
"NICA","2022-08-18","661","673","658","668","1.21","29374"
"NICA","2022-08-21","669.9","675","665","667","-0.15","23208"
"NICA","2022-08-22","665","665","655","663","-0.60","29684"
"NICA","2022-08-23","667.9","667.9","661","662","-0.15","13142"
"NICA","2022-08-24","670","670","661.6","664","0.30","22672"
"NICA","2022-08-25","665","665.7","659","659","-0.75","33612"
"NICA","2022-08-26","657","660","652","655","-0.61","18693"
"NICA","2022-08-28","651","655","645.1","646.1","-1.36","45482"
"NICA","2022-08-29","645","650","644.1","649","0.45","13292"
"NICA","2022-08-30","657","658","645.3","645.3","-0.57","16576"
"NICA","2022-08-31","650","650","638.1","638.3","-1.08","27446"
"NICA","2022-09-01","638","651","637","641.5","0.50","20303"
"NICA","2022-09-02","649.9","650","642","645","0.55","4993"
"NICA","2022-09-04","645.1","652","644.5","648","0.47","21391"
"NICA","2022-09-05","639","650","639","647","-0.15","19888"
"NICA","2022-09-06","647","647.5","638","642.9","-0.63","10623"
"NICA","2022-09-07","642","654.8","630","635","-1.23","37836"
"NICA","2022-09-08","640","641","626","630.9","-0.65","29046"
"NICA","2022-09-11","627","634.9","627","630","-0.14","17208"
"NICA","2022-09-12","627","630","626","627.1","-0.46","19410"
"NICA","2022-09-13","635","635","631","633","0.94","21945"
"NICA","2022-09-14","635","650","635","650","2.69","18053"
"NICA","2022-09-15","653","653","628.1","630","-3.08","41415"
"NICA","2022-09-16","621","629.9","618","627","-0.48","19072"
"NICA","2022-09-18","620.1","626.9","617","617.1","-1.58","38395"
"NICA","2022-09-20","620","620","602","603.1","-2.27","34869"
"NICA","2022-09-21","615","615","605","610","1.14","23401"
"NICA","2022-09-22","620.8","620.8","609","613.9","0.64","7862"
"NICA","2022-09-25","618","620","600.3","604.3","-1.56","30846"
"NICA","2022-09-27","610","618","605.1","609","0.78","19390"
"NICA","2022-09-28","609","617","608","612","0.49","16060"
"NICA","2022-09-29","612","623","605.2","618.3","1.03","26572"
"NICA","2022-10-09","629","632","614","632","2.22","24888"
"NICA","2022-10-10","633.7","633.7","613","621.4","-1.68","18776"
"NICA","2022-10-11","620","621","608.6","609","-2.00","19681"
"NICA","2022-10-12","610","617.7","607.3","612.5","0.57","17812"
"NICA","2022-10-13","610","615","606","612","0.30","25259"
"NICA","2022-10-16","620","620","608","609.9","-0.34","14547"
"NICA","2022-10-17","612","614","610","610","0.02","9862"
"NICA","2022-10-19","615","618","610","615.1","0.84","23531"
"NICA","2022-10-20","615","620","612.5","615.9","0.13","21739"
"NICA","2022-10-23","617","624.9","616","618","0.34","9212"
"NICA","2022-10-31","629.9","664","629.9","660","6.80","95003"
"NICA","2022-11-01","665","702","661","695","5.30","97337"
"NICA","2022-11-02","700","702","684","693.6","-0.20","52344"
"NICA","2022-11-03","690","691","678","684","-1.38","46344"
"NICA","2022-11-06","690","693","678.1","689","0.73","45183"
"NICA","2022-11-07","698","698","678","678","-1.60","50047"
"NICA","2022-11-08","676","680","674","676.1","-0.28","29430"
"NICA","2022-11-09","685","685","669.1","670","-0.90","24540"
"NICA","2022-11-10","672","675","660","660.1","-1.48","38406"
"NICA","2022-11-13","660.1","667.9","650","660","-0.02","19746"
"NICA","2022-11-14","660","671","657","669","1.36","30779"
"NICA","2022-11-15","680","680","661","665","-0.60","23607"
"NICA","2022-11-16","666","685","665","680","2.26","23582"
"NICA","2022-11-17","692","692","685","688","1.18","30365"
"NICA","2022-11-22","699.7","700","686","686","-0.29","22019"
"NICA","2022-11-23","686","690","681.2","683","-0.44","11745"
"NICA","2022-11-24","685","690","680","690","1.02","42892"
"NICA","2022-11-27","695","700","685.2","699","1.30","33586"
"NICA","2022-11-28","700","705.8","686.5","689","-1.43","52802"
"NICA","2022-11-29","680","694","678","688.2","-0.12","24057"
"NICA","2022-11-30","684","699","684","697","1.28","24065"
"NICA","2022-12-01","695","723","693.1","711.5","2.08","57322"
"NICA","2022-12-04","711.5","720","710","712.9","0.20","46294"
"NICA","2022-12-05","712","712","697.8","698","-2.09","35135"
"NICA","2022-12-06","700","705","692","693","-0.72","50730"
"NICA","2022-12-07","686","699","686","688.3","-0.68","36633"
"NICA","2022-12-11","675","685","670.1","670.1","-2.64","57943"
"NICA","2022-12-12","666","679.9","660","679","1.33","61536"
"NICA","2022-12-13","679","688","674","676.3","-0.40","26409"
"NICA","2022-12-14","672","717","672","675.1","-0.18","16910"
"NICA","2022-12-15","672","678.9","670.1","672","-0.46","15343"
"NICA","2022-12-18","665","670","661.1","665","-1.04","25597"
"NICA","2022-12-19","665","670","661.3","665.2","0.03","11080"
"NICA","2022-12-20","667","680","666","673","1.17","14011"
"NICA","2022-12-21","660","682","660","667.3","-0.85","175719"
"NICA","2022-12-22","654","666","654","665.2","-0.31","86046"
"NICA","2022-12-26","673","695","670.2","694","4.33","100520"
"NICA","2022-12-27","700","710","696","700.1","0.88","143766"
"NICA","2022-12-28","702","706","689","689","-1.59","79579"
"NICA","2022-12-29","702","726","689","722.2","4.82","135700"
"NICA","2023-01-01","727","750","723","738","2.19","136249"
"NICA","2023-01-02","738","772.8","725","765","3.66","146722"
"NICA","2023-01-03","775","775","755","767.9","0.38","125746"
"NICA","2023-01-04","760","797","760","784","2.10","100499"
"NICA","2023-01-05","799.6","805","778","790","0.77","150073"
"NICA","2023-01-08","789","803","784","790.1","0.01","100573"
"NICA","2023-01-09","790","821","781","804","1.76","208228"
"NICA","2023-01-10","811","835","796","805","0.12","205989"
"NICA","2023-01-12","821.1","828","801.1","803","-0.25","157664"
"NICA","2023-01-17","819","820","796.1","816.3","1.66","99350"
"NICA","2023-01-18","820","825","804","811","-0.65","94624"
"NICA","2023-01-19","811","850","804.1","845","4.19","216337"
"NICA","2023-01-23","861.9","861.9","831","835","-1.18","151120"
"NICA","2023-01-24","849.5","850","825.1","832","-0.36","90781"
"NICA","2023-01-25","844.9","844.9","823","825","-0.84","72897"
"NICA","2023-01-26","832","833.5","818","824","-0.12","76729"
"NICA","2023-01-29","823","833.6","820","826","0.24","86314"
"NICA","2023-01-30","820","830","810.5","811.9","-1.71","92484"
"NICA","2023-01-31","815","820","803.6","808.5","-0.42","87591"
"NICA","2023-02-01","802","823","802","815.1","0.82","58462"
"NICA","2023-02-02","815.1","825","802","810.4","-0.58","67366"
"NICA","2023-02-05","811","825","811","817","0.81","71506"
"NICA","2023-02-06","805.1","831","805.1","828","1.35","78309"
"NICA","2023-02-07","815.1","839.5","815.1","835","0.85","154737"
"NICA","2023-02-08","848.6","852","834","835","0.00","97610"
"NICA","2023-02-09","834","841.8","830","840","0.60","49992"
"NICA","2023-02-12","825","835","817","820.9","-2.27","93577"
"NICA","2023-02-14","817.1","821","810.2","815.5","-0.66","84726"
"NICA","2023-02-15","810.1","821","810.1","817","0.18","57530"
"NICA","2023-02-16","810","818","810","811.5","-0.67","45965"
"NICA","2023-02-20","809","819.9","798","815","0.43","68598"
"NICA","2023-02-22","821","821","808","818","0.37","55398"
"NICA","2023-02-23","808","815","803.4","814","-0.49","98136"
"NICA","2023-02-26","810.1","815","793.8","810","-0.49","98067"
"NICA","2023-02-27","810","820","801.1","812","0.25","62896"
"NICA","2023-02-28","801","815.5","801","811.5","-0.06","37309"
"NICA","2023-03-01","805.1","815","804.1","806","-0.68","40211"
"NICA","2023-03-02","806","806","798.1","800","-0.74","54595"
"NICA","2023-03-05","813","813","792.2","794","-0.75","32917"
"NICA","2023-03-07","795","801","788","796","0.25","38109"
"NICA","2023-03-09","791","810","791","808","1.51","28688"
"NICA","2023-03-12","820","822","797","798","-1.24","31706"
"NICA","2023-03-13","800","813","776.9","777","-2.63","79814"
"NICA","2023-03-14","782.8","790","757","764","-1.67","136733"
"NICA","2023-03-15","772","772","739","748","-2.09","138593"
"NICA","2023-03-16","755","755","736.1","750","0.27","66560"
"NICA","2023-03-19","755","755","739","742","-1.07","53939"
"NICA","2023-03-20","749","749","731.1","738","-0.54","84134"
"NICA","2023-03-22","740.1","740.1","721","723","-2.03","113311"
"NICA","2023-03-23","729","729","666.5","686","-5.12","314524"
"NICA","2023-03-26","686","697.9","680","687","0.15","115245"
"NICA","2023-03-27","680","695","675.3","695","1.16","57816"
"NICA","2023-03-28","708","708","688","689","-0.86","62508"
"NICA","2023-03-29","690","694","687","689","0.00","51749"
"NICA","2023-03-30","700","700","689","690.8","0.26","30902"
"NICA","2023-04-02","690.8","719.1","689","692","0.17","72783"
"NICA","2023-04-03","704.9","704.9","686","690","-0.29","42504"
"NICA","2023-04-04","700","700","685","696.6","0.96","47314"
"NICA","2023-04-05","699","700","691","696.2","-0.06","26748"
"NICA","2023-04-06","705","705","693","697","0.11","30695"
"NICA","2023-04-09","697","698","690","693","-0.57","35930"
"NICA","2023-04-10","688","695.9","688","693","0.00","39095"
"NICA","2023-04-11","700","704","692.3","697.5","0.65","24498"
"NICA","2023-04-12","704","735","704","730","4.66","87390"
"NICA","2023-04-13","735","740","719","722","-1.10","73696"