Symbol,Close,Percent Change,Volume
NABIL,917,-0.33,6221
NABIL,924,0.76,12676
NABIL,940,1.73,12880
NABIL,919,-2.34,11028
NABIL,917,-0.11,3949
NABIL,918,0.11,9218
NABIL,912,-0.65,5387
NABIL,920,0.88,5465
NABIL,920,0.11,10813
NABIL,900,-2.28,64608
NABIL,900,0,28537
NABIL,900,0,36821
NABIL,900,0,6188
NABIL,900,0,11306
NABIL,899,-0.11,20936
NABIL,897,-0.22,7248
NABIL,905,0.89,13263
NABIL,910,0.55,5574
NABIL,909,-0.11,5174
NABIL,906,-0.44,5144
NABIL,907,0.33,5960
NABIL,906,-0.22,5552
NABIL,905,-0.11,6414
NABIL,903,-0.22,6662
NABIL,904,0.11,2142
NABIL,904,0,2673
NABIL,909,0.55,3307
NABIL,900,-0.99,6359
NABIL,907,0.78,5383
NABIL,907,0,6383
NABIL,935,3.09,17869
NABIL,957,2.35,17494
NABIL,958,0.21,11046
NABIL,946,-1.15,9155
NABIL,940,-0.84,4925
NABIL,945,0.53,2174
NABIL,945,0,4749
NABIL,945,0,5990
NABIL,949,0.42,6091
NABIL,948,-0.21,3171
NABIL,947,0,5231
NABIL,950,0.32,7021
NABIL,964,1.47,7503
NABIL,966,0.21,8115
NABIL,970,0.41,10041
NABIL,965,-0.51,16518
NABIL,970,0.52,7541
NABIL,964,-0.62,7438
NABIL,966,0.21,6852
NABIL,965,-0.1,4296
NABIL,968,0.31,5373
NABIL,969,0.1,9770
NABIL,968,-0.1,1984
NABIL,968,0,5243
NABIL,962,-0.62,6516
NABIL,961,-0.1,3193
NABIL,964,0.31,4909
NABIL,966,0.1,9356
NABIL,961,-0.52,3070
NABIL,950,-1.14,7218
NABIL,945,-0.53,2593
NABIL,945,0,3936
NABIL,942,-0.32,5114
NABIL,943,0.21,5142
NABIL,927,-1.8,5803
NABIL,929,0.22,3337
NABIL,929,0.11,2484
NABIL,930,0,4393
NABIL,931,0.11,5113
NABIL,938,0.75,1925
NABIL,953,1.6,1245
NABIL,953,0,193
NABIL,951,-0.21,1928
NABIL,960,0.95,2006
NABIL,962,0.21,3191
NABIL,956,-0.62,1044
NABIL,942,-1.46,2511
NABIL,940,-0.21,2862
NABIL,940,0,1768
NABIL,952,1.28,2427
NABIL,946,-0.63,1572
NABIL,940,-0.63,2099
NABIL,938,-0.21,2736
NABIL,919,0,4373
NABIL,926,0.76,7548
NABIL,916,-1.19,3113
NABIL,918,0.11,2568
NABIL,902,-1.64,760
NABIL,906,0.44,3991
NABIL,900,-0.66,4595
NABIL,898,-0.26,3792
NABIL,888,-1.2,5967
NABIL,889,0.05,4029
NABIL,889,0,5451
NABIL,882,-0.79,3294
NABIL,865,-1.94,4594
NABIL,863,-0.23,3135
NABIL,860,-0.35,13920
NABIL,850,-0.12,6099
NABIL,852,0.24,4171
NABIL,853,0.12,8181
NABIL,855,0.23,3869
NABIL,851,-0.47,3175
NABIL,847,-0.47,4879
NABIL,853,0.71,9410
NABIL,862,1.06,2512
NABIL,858,-0.46,5028
NABIL,850,-0.93,7082
NABIL,851,0.12,3393
NABIL,870,2.23,8974
NABIL,868,-0.23,5253
NABIL,862,-0.69,1588
NABIL,864,0.23,7037
NABIL,865,0.12,6193
NABIL,866,0.12,4130
NABIL,860,-0.69,7285
NABIL,851,-1.05,5002
NABIL,850,-0.12,5122
NABIL,841,-1.06,9928
NABIL,837,-0.48,7310
NABIL,837,0.24,3971
NABIL,834,-0.36,4380
NABIL,835,0.12,5480
NABIL,838,0.36,3132
NABIL,836,-0.24,4045
NABIL,842,0.72,2708
NABIL,845,0.36,2960
NABIL,844,-0.12,2128
NABIL,850,0.71,2650
NABIL,843,-0.82,3420
NABIL,842,-0.12,1670
NABIL,838,-0.48,4189
NABIL,840,0.24,2567
NABIL,838,-0.24,3910
NABIL,834,-0.48,2227
NABIL,830,-0.48,6286
NABIL,837,0.84,3605
NABIL,841,0.48,4408
NABIL,841,0,4165
NABIL,829,-1.43,5154
NABIL,830,0.12,2150
NABIL,828,-0.24,3267
NABIL,831,0.36,3757
NABIL,824,-0.84,2399
NABIL,825,0.12,3879
NABIL,825,0,2448
NABIL,822,-0.36,3151
NABIL,818,-0.49,2494
NABIL,807,-1.34,6470
NABIL,783,-2.97,29718
NABIL,793,1.28,7663
NABIL,789,-0.5,9080
NABIL,803,1.77,17561
NABIL,795,-1,15486
NABIL,794,-0.13,31622
NABIL,687,-3.09,9887
NABIL,687,0,4794
NABIL,682,-0.73,8715
NABIL,683,0.15,6279
NABIL,686,0.44,10200
NABIL,688,0.29,7555
NABIL,690,0.29,1672
NABIL,690,0.29,1672
NABIL,696,0.72,16082
NABIL,719,3.3,12424
NABIL,715,-0.69,11208
NABIL,715,0,3812
NABIL,722,0.98,9881
NABIL,722,0,9174
NABIL,723,0.14,1020
NABIL,710,-1.8,8927
NABIL,712,0.28,5859
NABIL,712,0,7028
NABIL,712,0,3898
NABIL,709,-0.42,9163
NABIL,714,0.71,5004
NABIL,712,-0.28,7019
NABIL,712,0,11973
NABIL,717,0.7,15403
NABIL,724,0.98,14196
NABIL,727,0.41,8188
NABIL,732,0.69,23725
NABIL,740,1.09,23599
NABIL,743,0.41,12325
NABIL,740,-0.4,8232
NABIL,736,-0.54,7882
NABIL,746,1.36,3377
NABIL,766,2.68,6057
NABIL,773,0.91,11183
NABIL,810,4.79,15287
NABIL,866,6.91,28899
NABIL,880,1.62,29675
NABIL,881,0.11,15000
NABIL,878,-0.34,6811
NABIL,880,0.23,9441
NABIL,873,-0.8,9506
NABIL,868,-0.57,8403
NABIL,856,-1.38,7584
NABIL,847,-1.05,6201
NABIL,835,-1.42,9479
NABIL,851,1.92,8355
NABIL,850,-0.12,8243
NABIL,846,-0.47,7578
NABIL,841,-0.59,2950
NABIL,841,0,3539
NABIL,844,0.36,2652
NABIL,848,0.47,3614
NABIL,851,0.35,5163
NABIL,845,-0.71,6365
NABIL,843,-0.24,6356
NABIL,830,-1.54,5507
NABIL,840,1.2,4169
NABIL,841,0.12,1981
NABIL,841,0,5508
NABIL,840,-0.12,5463
NABIL,840,0,2539
NABIL,836,-0.48,2822
NABIL,840,0.48,3151
NABIL,847,0.83,9146
NABIL,834,-1.53,6077
NABIL,833,-0.12,2874
NABIL,829,-0.48,3935
NABIL,828,-0.12,4877
NABIL,826,-0.24,4518
NABIL,822,-0.48,8030
NABIL,820,-0.24,8943
NABIL,827,0.85,9849
NABIL,814,-1.57,13511
NABIL,816,0.25,10347
NABIL,814,-0.25,8230
NABIL,814,0,3158
NABIL,812,-0.25,4301
NABIL,805,-0.86,5595
NABIL,808,0.37,3446
NABIL,810,0.25,4883
NABIL,804,-0.74,7826
NABIL,800,-0.5,12955
NABIL,785,-1.87,28406
NABIL,785,0,8539
NABIL,784,-0.13,9500
NABIL,795,1.4,7949
NABIL,798,0.38,10401
NABIL,790,-1,6481
NABIL,787,-0.38,4253
NABIL,806,2.41,11678
NABIL,811,0.62,9931
NABIL,823,1.48,8966
NABIL,825,0.24,3781
NABIL,799,-3.15,30861
NABIL,800,0.13,25920
NABIL,813,1.62,17512
NABIL,812,-0.12,15304
NABIL,801,-1.35,19195
NABIL,805,0.5,19698
NABIL,808,0.37,13387
NABIL,812,0.5,17884
NABIL,805,-0.86,11336
NABIL,797,-0.99,17431
NABIL,803,0.75,10970
NABIL,801,-0.25,10926
NABIL,800,-0.12,9199
NABIL,801,0.12,11281
NABIL,799,-0.25,11095
NABIL,800,0.13,9946
NABIL,790,-1.25,13321
NABIL,790,0,9174
NABIL,790,0,10432
NABIL,784,-0.76,9920
NABIL,783,-0.13,5650
NABIL,782,-0.13,6190
NABIL,779,-0.38,11640
NABIL,784,0.64,13055
NABIL,779,-0.64,12387
NABIL,778,-0.13,10297
NABIL,778,0,12518
NABIL,778,0,13659
NABIL,777,-0.13,7473
NABIL,776,-0.13,7386
NABIL,775,-0.13,23330
NABIL,778,0.39,5949
NABIL,770,-1.03,4274
NABIL,770,0,9213
NABIL,769,-0.13,9261
NABIL,758,-1.43,6969
NABIL,774,2.11,8894
NABIL,777,0.39,15241
NABIL,780,0.39,8861
NABIL,776,-0.51,9562
NABIL,776,0,4931
NABIL,769,-0.9,7569
NABIL,772,0.39,4673
NABIL,770,-0.26,10514
NABIL,759,-1.43,6359
NABIL,742,-2.24,10591
NABIL,750,1.08,10137
NABIL,775,3.33,7924
NABIL,770,-0.65,13287
NABIL,765,-0.65,7591
NABIL,760,-0.65,6194
NABIL,760,0,7998
NABIL,759,0,3989
NABIL,752,-0.92,3598
NABIL,760,1.06,4706
NABIL,772,1.58,2719
NABIL,772,0,4486
NABIL,769,-0.39,5226
NABIL,770,0.13,728
NABIL,765,-0.65,16518
NABIL,763,-0.26,4973
NABIL,762,-0.13,4902
NABIL,760,-0.26,8157
NABIL,757,-0.39,4145
NABIL,758,0.13,6056
NABIL,756,-0.26,17493
NABIL,762,0.79,3122
NABIL,768,0.79,8808
NABIL,761,-0.91,6352
NABIL,760,-0.13,8041
NABIL,768,1.05,25965
NABIL,770,0.26,16182
NABIL,768,-0.26,13493
NABIL,755,-1.69,23312
NABIL,755,0,10153
NABIL,753,-0.26,15505
NABIL,750,-0.4,21447
NABIL,750,0,6681
NABIL,749,-0.13,3797
NABIL,755,0.8,7383
NABIL,755,0,23592
NABIL,753,-0.26,18207
NABIL,750,-0.4,29088
NABIL,740,-1.33,7681
NABIL,730,-1.35,12391
NABIL,727,-0.41,10567
NABIL,730,0.41,8682
NABIL,732,0.27,18463
NABIL,725,-0.96,15634
NABIL,723,-0.28,24232
NABIL,725,0.28,6572
NABIL,725,0,9589
NABIL,725,0,9772
NABIL,730,0.69,13130
NABIL,729,-0.14,11013
NABIL,736,0.96,5466
NABIL,743,0.95,4466
NABIL,747,0.54,8847
NABIL,749,0.27,16206
NABIL,752,0.4,9306
NABIL,737,-0.94,11742
NABIL,743,0.81,9416
NABIL,748,0.67,15298
NABIL,753,0.67,15015
NABIL,756,0.4,34362
NABIL,750,-0.79,66023
NABIL,667,-0.39,22863
NABIL,669,0.3,12220
NABIL,676,1.05,14538
NABIL,674,-0.3,14830
NABIL,675,0.15,17063
NABIL,681,0.89,15116
NABIL,690,1.32,10882
NABIL,685,-0.72,20018
NABIL,697,1.75,17152
NABIL,713,2.29,23487
NABIL,722,1.26,24397
NABIL,721,-0.14,17879
NABIL,716,-0.69,9624
NABIL,726,1.4,30359
NABIL,730,0.55,40571
NABIL,730,0,12535
NABIL,740,1.37,11175
NABIL,751,1.49,26914
NABIL,764,1.73,22863
NABIL,760,-0.52,25306
NABIL,755,-0.79,18428
NABIL,745,-1.32,12755
NABIL,727,-2.42,19663
NABIL,710,-2.34,20742
NABIL,720,1.12,17628
NABIL,725,0.69,15203
NABIL,724,-0.14,10541
NABIL,736,1.66,14728
NABIL,752,2.17,37634
NABIL,738,-1.86,33172
NABIL,739,0.14,27241
NABIL,734,-0.68,20827
NABIL,726,-1.09,15362
NABIL,721,-0.69,18422
NABIL,720,-0.14,23380
NABIL,723,0.42,27491
NABIL,722,-0.14,11735
NABIL,723,0.14,16258
NABIL,724,0.14,17985
NABIL,750,3.59,51893
NABIL,753,0.4,47604
NABIL,751,-0.27,23379
NABIL,755,0.53,21585
NABIL,790,4.64,65129
NABIL,800,1.27,93540
NABIL,814,1.75,37640
NABIL,870,6.88,83212
NABIL,955,9.77,167082
NABIL,940,-1.57,163043
NABIL,850,-9.57,68203
NABIL,888,4.47,150206
NABIL,847,-4.62,107177
NABIL,840,-0.83,78904
NABIL,776,-7.62,60824
NABIL,815,5.03,83501
NABIL,790,-3.07,65403
NABIL,750,-5.06,70304
NABIL,750,0,55501
NABIL,731,-2.53,46620
NABIL,715,-2.19,43091
NABIL,730,2.1,55806
NABIL,701,-3.97,15101
NABIL,680,-3,2295
NABIL,660,-2.94,435
NABIL,660,0,40720
NABIL,725,9.85,8769
NABIL,770,6.21,15536
NABIL,720,-6.49,21024
NABIL,729,1.25,59244
NABIL,737,1.1,32963
NABIL,744,0.95,41752
NABIL,741,-0.4,30143
NABIL,742,0.13,30119
NABIL,747,0.67,27529
NABIL,742,-0.67,28339
NABIL,745,0.4,29973
NABIL,765,2.68,43439
NABIL,790,3.27,38787
NABIL,869,10,711
NABIL,879,1.15,118430
NABIL,865,-1.59,69536
NABIL,846,-2.2,51597
NABIL,850,0.47,55386
NABIL,861,1.29,58534
NABIL,862,0.12,101044
NABIL,854,-0.93,51916
NABIL,845,-1.05,45527
NABIL,851,0.71,41463
NABIL,820,-3.64,63388
NABIL,824,0.49,42609
NABIL,824,0,47216
NABIL,814,-1.21,21551
NABIL,813,-0.12,36927
NABIL,832,2.34,47830
NABIL,830,-0.24,29776
NABIL,836,0.72,23975
NABIL,825,-1.32,36200
NABIL,822,-0.36,29088
NABIL,822,0,16623
NABIL,830,0.97,20561
NABIL,822,-0.96,17216
NABIL,817,-0.61,10175
NABIL,824,0.86,14020
NABIL,830,0.73,22795
NABIL,830,0,23396
NABIL,841,1.33,44021
NABIL,845,0.48,23000
NABIL,839,-0.71,11698
NABIL,839,0,49117
NABIL,858,2.26,68044
NABIL,860,0.23,54696
NABIL,855,-0.58,56147
NABIL,849,-0.7,19865
NABIL,846,-0.35,21968
NABIL,844,-0.24,36262
NABIL,845,0.12,26342
NABIL,849,0.47,32114
NABIL,856,0.82,32379
NABIL,856,0,28117
NABIL,853,-0.35,15690
NABIL,859,0.7,30609
NABIL,880,2.44,72747
NABIL,883,0.34,61628
NABIL,872,-1.25,51322
NABIL,874,0.23,30912
NABIL,875,0.11,23476
NABIL,874,-0.11,23447
NABIL,871,-0.34,17676
NABIL,864,-0.8,20446
NABIL,859,-0.58,22250
NABIL,867,0.93,30640
NABIL,880,1.5,52437
NABIL,876,-0.45,22147
NABIL,877,0.11,16257
NABIL,872,-0.57,26029
NABIL,869,-0.34,27048
NABIL,866,-0.35,24647
NABIL,864,-0.23,19390
NABIL,864,0,15218
NABIL,860,-0.46,29183
NABIL,860,0,25564
NABIL,859,-0.12,18801
NABIL,863,0.47,11214
NABIL,868,0.58,11628
NABIL,880,1.38,30592
NABIL,885,0.57,46895
NABIL,903,2.03,59283
NABIL,902,-0.11,51398
NABIL,894,-0.89,40311
NABIL,886,-0.89,29989
NABIL,888,0.23,15950
NABIL,888,0,20507
NABIL,880,-0.9,34927
NABIL,870,-1.14,72463
NABIL,862,-0.92,90972
NABIL,879,1.97,29034
NABIL,883,0.46,41751
NABIL,887,--,30444
NABIL,901,0,61321
NABIL,905,0,94311
NABIL,965,0.07,223043
NABIL,978,0.01,75761
NABIL,972,-0.01,58491
NABIL,1025,0.05,232466
NABIL,1130,0.09,343732
NABIL,1185,0.05,283683
NABIL,1159,-0.02,196359
NABIL,1119,-0.03,177245
NABIL,1125,0.01,202030
NABIL,1140,0.01,159437
NABIL,1078,-0.05,161986
NABIL,1118,0.04,164879
NABIL,1124,0.01,113499
NABIL,1101,-0.02,77270
NABIL,1120,0.02,86977
NABIL,1159,0.03,110589
NABIL,1227,0.06,273113
NABIL,1240,0.01,161533
NABIL,1248,0.01,149009
NABIL,1235,-0.01,101916
NABIL,1205,-0.02,323164
NABIL,1231,0.02,263971
NABIL,1354,0.1,48213
NABIL,1489,0.1,187508
NABIL,1425,-0.04,425873
NABIL,1384,-0.03,289737
NABIL,1379,0,176237
NABIL,1386,0.01,381895
NABIL,1101,0.06,240703
NABIL,1100,0,126022
NABIL,1125,0.02,152668
NABIL,1111,-0.01,91228
NABIL,1097,-0.01,90991
NABIL,1096,0,76530
NABIL,1091,0,77627
NABIL,1126,0.03,182457
NABIL,1125,0,67113
NABIL,1140,0.01,78962
NABIL,1132,-0.01,48737
NABIL,1128,0,54196
NABIL,1128,0,79293
NABIL,1117,-0.01,65561
NABIL,1103,-0.01,85123
NABIL,1109,0.01,108401
NABIL,1115,0.01,128981
NABIL,1176,0.05,287254
NABIL,1168,-0.01,133717
NABIL,1182,0.01,97355
NABIL,1145,-0.03,138051
NABIL,1110,-0.03,106925
NABIL,1120,0.01,60104
NABIL,1129,0.01,78197
NABIL,1120,-0.01,100026
NABIL,1116,0,82322
NABIL,1114,0,121996
NABIL,1165,0.05,281400
NABIL,1163,0,132993
NABIL,1176,0.01,130150
NABIL,1213,0.03,317291
NABIL,1221,0.01,168891
NABIL,1321,0.08,524258
NABIL,1365,0.03,388814
NABIL,1391,0.02,295552
NABIL,1367,-0.02,188406
NABIL,1355,-0.01,180791
NABIL,1319,-2.66,182067
NABIL,1335,1.21,285817
NABIL,1350,1.12,143200
NABIL,1322,0,163157
NABIL,1296,-1.97,176137
NABIL,1314,0,102909
NABIL,1274,-3.04,133848
NABIL,1244,-2.35,152652
NABIL,1300,4.5,155720
NABIL,1285,-1.15,67034
NABIL,1275,-0.78,81515
NABIL,1255,-1.57,69416
NABIL,1215,-3.19,169858
NABIL,1205,-0.82,163239
NABIL,1207,0.17,115007
NABIL,1219,0.99,96573
NABIL,1243,1.97,91022
NABIL,1260,1.37,110107
NABIL,1244,-1.19,93451
NABIL,1234,-0.8,55201
NABIL,1239,0.41,53495
NABIL,1227,-0.97,55649
NABIL,1232,0.41,51438
NABIL,1236,0.32,97016
NABIL,1294,4.69,187475
NABIL,1283,-0.85,107609
NABIL,1316,2.57,183452
NABIL,1315,-0.08,117881
NABIL,1311,-0.3,103143
NABIL,1317,0.46,98854
NABIL,1330,0.99,134432
NABIL,1348,1.35,182723
NABIL,1380,2.37,209373
NABIL,1370,-0.72,168272
NABIL,1335,-2.55,173524
NABIL,1318,-1.27,142099
NABIL,1315,-0.23,120001
NABIL,1294,-1.6,109757
NABIL,1298,0.23,125239
NABIL,1270,-2.16,165129
NABIL,1235,-2.76,156529
NABIL,1279,3.9,107145
NABIL,1264,-1.1,84413
NABIL,1270,0.47,75819
NABIL,1275,0.39,93567
NABIL,1284,0.71,117310
NABIL,1274,-0.78,80193
NABIL,1266,-0.63,67433
NABIL,1265,-0.08,60497
NABIL,1259,-0.47,94346
NABIL,1260,0.08,67445
NABIL,1265,0.4,95404
NABIL,1262,-0.24,94423
NABIL,1267,0.4,76245
NABIL,1288,1.66,165718
NABIL,1308,1.55,103727
NABIL,1308,0,73064
NABIL,1302,-0.46,103756
NABIL,1300,-0.15,65407
NABIL,1312,0.92,107284
NABIL,1320,0.61,127131
NABIL,1306,-1.06,85759
NABIL,1294,-0.92,108286
NABIL,1300,0.46,90621
NABIL,1285,-1.15,123090
NABIL,1292,0.54,110156
NABIL,1293,0.08,60397
NABIL,1309,1.24,175139
NABIL,1330,1.6,193387
NABIL,1316,-1.05,148222
NABIL,1315,-0.08,120498
NABIL,1310,0,148864
NABIL,1304,-0.46,132428
NABIL,1304,0,142630
NABIL,1309,0.38,176408
NABIL,1312,0.23,110411
NABIL,1308,-0.3,94402
NABIL,1309,0.08,92288
NABIL,1297,-0.92,117221
NABIL,1285,-0.93,129080
NABIL,1298,1.01,106023
NABIL,1291,-0.54,94681
NABIL,1286,-0.39,80446
NABIL,1298,0.93,81126
NABIL,1302,0.31,66695
NABIL,1296,-0.46,62112
NABIL,1296,0,69882
NABIL,1297,0.08,41519
NABIL,1298,0.08,47249
NABIL,1297,-0.08,46953
NABIL,1301,0.31,68703
NABIL,1299,-0.15,66773
NABIL,1317,1.39,90493
NABIL,1345,2.13,192294
NABIL,1338,-0.52,162964
NABIL,1347,0.67,136946
NABIL,1349,0.15,101853
NABIL,1359,0.74,87922
NABIL,1440,5.96,272476
NABIL,1451,0.76,226566
NABIL,1454,0.21,113294
NABIL,1459,0.34,147151
NABIL,1499.5,2.78,171727
NABIL,1492,-0.5,196175
NABIL,1489,-0.2,211397
NABIL,1482,-0.47,84254
NABIL,1477,-0.34,80443
NABIL,1480,0.2,75284
NABIL,1487,0.47,59355
NABIL,1490,0.2,58914
NABIL,1488.9,-0.07,63649
NABIL,1488,-0.06,54477
NABIL,1494,0.4,88896
NABIL,1494,0,51624
NABIL,1512,1.2,131079
NABIL,1514,0.13,76570
NABIL,1519,0.33,61561
NABIL,1505,-0.92,247612
NABIL,1507.4,0.16,201928
NABIL,1495,-0.82,216309
NABIL,1495,0,119338
NABIL,1490,-0.33,106885
NABIL,1477,-0.87,108363
NABIL,1459,-1.22,120921
NABIL,1450,-0.62,159476
NABIL,1433,-1.17,183055
NABIL,1419,-0.98,126285
NABIL,1420,0.07,124665
NABIL,1418,-0.14,105395
NABIL,1388,-2.12,177307
NABIL,1442,3.89,134284
NABIL,1429.9,-0.84,79191
NABIL,1415,-1.04,59583
NABIL,1410,-0.35,70348
NABIL,1440,2.13,75225
NABIL,1455,1.04,210616
NABIL,1453,-0.14,46726
NABIL,1445,-0.55,37192
NABIL,1424.5,-1.42,108701
NABIL,1393,-2.21,132043
NABIL,1389,-0.29,148677
NABIL,1424.4,2.55,79284
NABIL,1438,0.95,136670
NABIL,1431,-0.49,116113
NABIL,1415,-1.12,47830
NABIL,1395,-1.41,86659
NABIL,1408,0.93,58596
NABIL,1407,-0.07,47037
NABIL,1395,-0.85,55819
NABIL,1397,0.14,60200
NABIL,1410,0.93,44358
NABIL,1444.9,2.48,57353
NABIL,1474,2.01,77855
NABIL,1450,-1.63,118043
NABIL,1482,2.21,56389
NABIL,1468,-0.94,67707
NABIL,1431,-2.52,77881
NABIL,1460,2.03,65244
NABIL,1471,0.75,65682
NABIL,1470.9,-0.01,54884
NABIL,1497,1.77,78485
NABIL,1569,4.81,225327
NABIL,1606,2.36,270557
NABIL,1598,-0.5,141749
NABIL,1580,-1.13,176045
NABIL,1620,2.53,215086
NABIL,1608,-0.74,131659
NABIL,1653,2.8,705430
NABIL,1614.7,-2.32,186984
NABIL,1579,-2.21,188332
NABIL,1550,-1.84,199932
NABIL,1548,-0.13,107590
NABIL,1540,-0.52,104146
NABIL,1559,1.23,74044
NABIL,1556,-0.19,99187
NABIL,1547,-0.58,89460
NABIL,1544,-0.19,75509
NABIL,1546,0.13,80745
NABIL,1537,-0.58,62286
NABIL,1545,0.52,54975
NABIL,1538,-0.45,64950
NABIL,1523,-0.98,85621
NABIL,1526,0.2,60022
NABIL,1521,-0.33,52965
NABIL,1524.2,0.21,36610
NABIL,1512,-0.8,60311
NABIL,1474,-2.51,108142
NABIL,1485,0.75,118177
NABIL,1475,-0.67,60813
NABIL,1456.8,-1.23,47379
NABIL,1452.9,-0.27,56323
NABIL,1421,-2.2,80982
NABIL,1366.1,-3.86,130695
NABIL,1460,6.87,64277
NABIL,1450,-0.68,90423
NABIL,1430,-1.38,43538
NABIL,1420,-0.7,58668
NABIL,1452.5,2.29,98889
NABIL,1485,2.24,79765
NABIL,1485,0,51892
NABIL,1524,2.63,209837
NABIL,1499,-1.64,201767
NABIL,1480,-1.27,170269
NABIL,1450,-2.03,326139
NABIL,1144,5.41,263845
NABIL,1137,-0.61,130041
NABIL,1119,-1.58,116739
NABIL,1111.9,-0.63,75462
NABIL,1114,0.19,67780
NABIL,1113,-0.09,126780
NABIL,1111.3,-0.15,120640
NABIL,1114.8,0.31,102845
NABIL,1107,-0.7,105760
NABIL,1110,0.27,92618
NABIL,1140,2.7,176667
NABIL,1178.9,3.41,113189
NABIL,1190,0.94,116223
NABIL,1177,-1.09,73385
NABIL,1178,0.08,47782
NABIL,1161,-1.44,79765
NABIL,1127,-2.93,96165
NABIL,1129.1,0.19,52041
NABIL,1121,-0.72,61217
NABIL,1117,-0.36,56308
NABIL,1135,1.61,59027
NABIL,1127,-0.7,38126
NABIL,1121.1,-0.52,54175
NABIL,1122,0.08,61153
NABIL,1109,-1.16,71516
NABIL,1109,0,68960
NABIL,1107,0,51383
NABIL,1100.9,-0.55,59639
NABIL,1097.1,-0.35,62380
NABIL,1070,-2.47,87909
NABIL,1064,-0.56,68303
NABIL,1075,1.03,53230
NABIL,1080,0.47,46381
NABIL,1079,-0.09,34444
NABIL,1062,-1.58,61489
NABIL,1067,0.47,39297
NABIL,1070.5,0.33,41743
NABIL,1067.5,-0.28,29641
NABIL,1051,-1.55,72385
NABIL,1041,-0.95,43253
NABIL,1040,-0.1,45316
NABIL,1006,-3.27,74636
NABIL,1002.9,-0.31,64365
NABIL,1011.9,0.9,47036
NABIL,1007.9,-0.4,35691
NABIL,1018,1,31958
NABIL,1079,5.99,57510
NABIL,1092,1.2,23711
NABIL,1079,-1.19,44505
NABIL,1064,-1.39,25272
NABIL,1060,-0.38,28034
NABIL,1052,-0.75,32178
NABIL,1050,-0.19,35572
NABIL,1047,-0.29,29498
NABIL,1040,-0.67,34482
NABIL,1020,-1.92,37321
NABIL,1017,-0.29,36394
NABIL,1009,-0.79,53395
NABIL,1006,-0.3,101034
NABIL,1002,-0.4,62677
NABIL,997,-0.5,42507
NABIL,997,0,56895
NABIL,984,-1.3,87147
NABIL,965,-1.93,69199
NABIL,969,0.41,76197
NABIL,971,0.21,70697
NABIL,960,-1.13,45151
NABIL,971,1.15,35450
NABIL,971,0,35787
NABIL,956,-1.54,51642
NABIL,949,-0.73,66610
NABIL,940,-0.95,37902
NABIL,935,-0.53,55028
NABIL,951.5,1.76,47975
NABIL,940.9,-1.11,54841
NABIL,937.9,-0.32,27496
NABIL,934.9,-0.32,34974
NABIL,928,-0.74,43224
NABIL,920,-0.86,39086
NABIL,909,-1.2,37775
NABIL,901.9,-0.78,50023
NABIL,889,-1.43,46835
NABIL,896.5,0.84,40948
NABIL,909.7,1.47,40752
NABIL,933,2.56,37027
NABIL,930,-0.32,54739
NABIL,910,-2.15,26873
NABIL,914,0,24747
NABIL,908,-0.66,29333
NABIL,906,-0.22,25594
NABIL,899,-0.77,45910
NABIL,897.1,-0.21,33616
NABIL,900,0.32,38263
NABIL,898.6,-0.16,39717
NABIL,898,-0.07,39790
NABIL,890,-0.89,44382
NABIL,875,-1.69,45502
NABIL,867,-0.91,32984
NABIL,861.9,-0.59,36911
NABIL,845,-1.96,43168
NABIL,846,0.12,41330
NABIL,831.5,-1.71,34581
NABIL,843,1.38,43083
NABIL,846.4,0.4,45493
NABIL,848.1,0.2,26409
NABIL,846,-0.25,27758
NABIL,838.5,-0.89,38169
NABIL,825,-1.61,33494
NABIL,825,0,30303
NABIL,817,-0.97,16582
NABIL,816,-0.12,49808
NABIL,794.9,-2.59,51029
NABIL,792,-0.36,54464
NABIL,782,-1.26,43206
NABIL,749,-4.22,73119
NABIL,740,-1.2,32412
NABIL,775,4.73,88020
NABIL,780,0.65,89874
NABIL,778,-0.26,35763
NABIL,795,2.19,28748
NABIL,835,5.03,46615
NABIL,856,2.51,42203
NABIL,889,3.86,71068
NABIL,895,0.67,114314
NABIL,872,-2.57,50999
NABIL,864,-0.92,58061
NABIL,845,-2.2,51271
NABIL,826,-2.25,30318
NABIL,792,-4.12,69864
NABIL,796.9,0.62,42720
NABIL,811,1.77,59513
NABIL,817,0.74,54640
NABIL,824,0.86,22065
NABIL,830,0.73,28983
NABIL,832,0.24,29302
NABIL,838,0.72,48099
NABIL,845,0.84,32488
NABIL,855,1.18,36824
NABIL,839.9,-1.77,26240
NABIL,860,2.39,41717
NABIL,885,2.91,53131
NABIL,866,-2.15,49899
NABIL,866,0,43850
NABIL,866,0,43396
NABIL,869.9,0.45,17497
NABIL,881,1.28,52796
NABIL,881.9,0.1,47675
NABIL,877,-0.56,27948
NABIL,862,-1.71,93835
NABIL,850,-1.39,37325
NABIL,819.7,-3.56,171702
NABIL,817,-0.33,156363
NABIL,803,-1.71,134201
NABIL,788.1,-1.86,130944
NABIL,790,0.24,82028
NABIL,793,0.38,56771
NABIL,789,-0.5,56155
NABIL,799.4,1.32,52346
NABIL,799,-0.05,49399
NABIL,794.5,-0.56,53622
NABIL,802,0.94,51320
NABIL,801,-0.12,44730
NABIL,799,-0.25,46726
NABIL,801.9,0.36,29742
NABIL,802,0.01,38238
NABIL,800,-0.25,40361
NABIL,795.9,-0.51,19821
NABIL,793.5,-0.3,55498
NABIL,790,-0.44,35660
NABIL,789.5,-0.06,56298
NABIL,786,-0.44,35820
NABIL,784,-0.25,42923
NABIL,784.9,0.11,55803
NABIL,779.9,-0.64,80710
NABIL,776.1,-0.49,58697
NABIL,768,-1.04,73282
NABIL,763.2,-0.62,33333
NABIL,760,-0.42,44066
NABIL,759,-0.13,41713
NABIL,755,-0.53,54259
NABIL,770,1.99,77706
NABIL,799,3.77,82172
NABIL,781,-2.25,58510
NABIL,772,-1.15,38993
NABIL,764,-1.04,44695
NABIL,749.5,-1.9,62804
NABIL,762.1,1.68,44522
NABIL,759,-0.41,33966
NABIL,752.9,-0.8,57127
NABIL,770,2.27,34179
NABIL,767,-0.39,34948
NABIL,780,1.69,37569
NABIL,807,3.46,44112
NABIL,797,-1.24,59995
NABIL,792,-0.63,39129
NABIL,794,0.25,30352
NABIL,796,0.09,42798
NABIL,794,-0.25,33880
NABIL,794,0,35066
NABIL,798.5,0.57,30433
NABIL,796.5,-0.25,29921
NABIL,808,1.44,42040
NABIL,816,0.99,46691
NABIL,835,2.33,71557
NABIL,830,-0.6,67918
NABIL,824,-0.72,35595
NABIL,831.1,0.86,46206
NABIL,834,0.35,37460
NABIL,833,-0.12,20635
NABIL,823.5,-1.14,46477
NABIL,815,-1.03,33090
NABIL,811,-0.49,29230
NABIL,814,0.37,29743
NABIL,817.9,0.48,25680
NABIL,819.5,0.2,20391
NABIL,827.3,0.95,28777
NABIL,829,0.21,26547
